Temperature;Humidity;Pressure;eCO2;TVOC;UV;IR;VIS;Time
23.78;43.16;984.26;400;0;0.01;252;249;1517961600
23.79;44.23;984.37;403;0;0.04;250;250;1517961630
23.79;43.52;984.28;403;0;0.04;254;268;1517961660
23.78;42.52;984.19;400;0;0;256;251;1517961690
23.79;42.47;984.31;408;1;0.1;254;257;1517961720
23.81;41.57;984.31;408;1;0.0;254;252;1517961750
23.79;42.54;984.26;400;0;0.03;256;260;1517961780
23.79;43.03;984.33;405;0;0.05;258;249;1517961810
23.79;43.33;984.22;413;1;0.06;255;253;1517961840
23.08;44.69;984.19;408;1;0.0;255;248;1517961870
23.08;41.60;984.19;408;1;0.0;249;251;1517961900
23.82;42.19;984.19;413;1;0.05;255;257;1517961930
23.08;43.44;984.29;405;0;0.0;252;253;1517961960
23.82;44.21;984.19;413;1;0.0;254;251;1517961990
23.08;42.44;984.34;409;1;0.0;256;256;1517962020
23.08;44.10;984.24;402;0;0.0;251;268;1517962050
23.08;43.32;984.32;400;0;0.0;255;254;1517962080
23.79;43.03;984.23;400;0;0.02;253;262;1517962110
23.81;44.56;984.27;405;0;0.06;252;257;1517962140
23.81;42.85;984.30;400;0;0.0;255;260;1517962170
23.81;44.81;984.21;414;2;0.01;253;259;1517962200
23.08;43.45;984.24;427;4;0.04;256;262;1517962230
23.79;44.70;984.29;438;5;0.0;255;263;1517962260
23.79;43.63;984.31;400;0;0.04;253;252;1517962290
23.08;42.22;984.22;400;0;0.02;254;247;1517962320
23.79;42.68;984.25;405;0;0.01;254;259;1517962350
23.79;42.94;984.18;408;1;0.04;255;266;1517962380
23.77;43.71;984.20;408;1;0.0;254;252;1517962410
23.77;45.78;984.23;405;0;0.0;250;265;1517962440
23.78;42.66;984.27;400;0;0.03;255;256;1517962470
23.77;43.08;984.16;400;0;0.04;253;255;1517962500
23.77;41.75;984.20;408;1;0.02;254;251;1517962530
23.78;44.94;984.13;400;0;0.0;255;267;1517962560
23.76;42.20;984.16;400;0;0.0;253;267;1517962590
23.77;44.96;984.25;408;1;0.0;255;253;1517962620
23.77;43.39;984.25;408;1;0.0;256;276;1517962650
23.78;43.42;984.25;400;0;0.0;252;254;1517962680
23.79;42.68;984.26;408;1;0.0;254;261;1517962710
23.78;42.43;984.22;408;1;0.01;252;264;1517962740
23.77;43.95;984.25;403;0;0.03;259;257;1517962770
23.77;42.57;984.21;408;1;0.0;256;259;1517962800
23.78;44.30;984.29;408;1;0.05;255;268;1517962830
23.78;43.88;984.12;410;1;0.0;253;252;1517962860
23.77;43.82;984.26;410;1;0.02;250;249;1517962890
23.77;43.90;984.23;410;1;0.03;250;257;1517962920
23.78;45.37;984.19;403;0;0.0;252;250;1517962950
23.78;43.55;984.18;410;1;0.02;252;249;1517962980
23.77;44.28;984.22;410;1;0.0;256;260;1517963010
23.76;45.11;984.29;400;0;0.0;252;260;1517963040
23.76;43.44;984.17;405;0;0.0;254;259;1517963070
23.76;41.92;984.29;407;1;0.02;255;251;1517963100
23.78;43.89;984.25;400;0;0.0;254;259;1517963130
23.77;43.53;984.24;400;0;0.02;255;270;1517963160
23.78;43.78;984.19;403;0;0.0;253;257;1517963190
23.77;41.95;984.23;400;0;0.0;257;250;1517963220
23.78;42.83;984.18;408;1;0.03;254;258;1517963250
23.78;43.44;984.25;410;1;0.0;255;264;1517963280
23.77;43.72;984.25;400;0;0.06;252;265;1517963310
23.77;45.51;984.20;408;1;0.05;252;265;1517963340
23.78;43.78;984.22;410;1;0.02;254;252;1517963370
23.78;42.60;984.21;408;1;0.0;255;267;1517963400
23.78;43.22;984.17;408;1;0.05;254;249;1517963430
23.78;41.46;984.20;410;1;0.02;256;272;1517963460
23.78;43.49;984.18;408;1;0.01;254;254;1517963490
23.78;42.22;984.15;410;1;0.0;257;244;1517963520
23.78;43.91;984.17;403;0;0.03;255;256;1517963550
23.77;44.21;984.19;400;0;0.0;251;257;1517963580
23.79;43.61;984.09;410;1;0.0;255;262;1517963610
23.78;45.50;984.18;403;0;0.0;252;261;1517963640
23.78;42.13;984.15;408;1;0.05;255;264;1517963670
23.79;42.66;984.16;408;1;0.01;256;256;1517963700
23.77;43.36;984.12;403;0;0.01;257;262;1517963730
23.78;42.15;984.19;410;1;0.06;257;249;1517963760
23.78;44.30;984.17;410;1;0.05;256;256;1517963790
23.78;44.45;984.20;410;1;0.0;253;244;1517963820
23.79;43.06;984.25;408;1;0.0;256;264;1517963850
23.79;43.43;984.12;403;0;0.0;255;260;1517963880
23.08;43.71;984.15;410;1;0.0;253;258;1517963910
23.08;43.58;984.03;408;1;0.02;252;244;1517963940
23.81;43.87;984.13;408;1;0.0;253;261;1517963970
23.08;42.92;984.23;408;1;0.01;256;253;1517964000
23.78;42.91;984.07;410;1;0.02;253;256;1517964030
23.79;41.66;984.17;400;0;0.0;253;252;1517964060
23.78;44.24;984.15;400;0;0.0;255;266;1517964090
23.79;42.43;984.04;400;0;0.01;254;265;1517964120
23.78;41.82;984.16;409;1;0.0;255;262;1517964150
23.08;43.18;984.14;409;1;0.05;256;248;1517964180
23.78;43.13;984.01;426;3;0.0;254;263;1517964210
23.78;43.43;984.12;443;6;0.0;257;257;1517964240
23.78;44.50;984.16;446;7;0.02;253;257;1517964270
23.79;43.97;984.13;438;5;0.04;254;248;1517964300
23.77;43.51;984.11;443;6;0.0;251;258;1517964330
23.08;43.44;984.05;443;6;0.02;253;262;1517964360
23.77;43.44;984.04;438;5;0.0;256;260;1517964390
23.78;42.97;984.05;446;7;0.02;254;261;1517964420
23.08;43.88;983.97;446;7;0.02;258;257;1517964450
23.78;43.24;984.04;438;5;0.05;255;254;1517964480
23.76;43.32;984.00;446;7;0.0;252;263;1517964510
23.78;41.90;983.99;446;7;0.07;253;252;1517964540
23.78;43.42;983.90;438;5;0.0;256;265;1517964570
23.77;44.91;983.97;506;16;0.02;254;267;1517964600
23.77;43.46;983.94;406;0;0.04;250;268;1517964630
23.78;40.95;983.98;400;0;0.03;256;260;1517964660
23.78;43.38;983.99;400;0;0.0;252;267;1517964690
23.79;43.36;983.90;410;1;0.0;251;260;1517964720
23.78;44.26;984.01;414;2;0.0;256;252;1517964750
23.77;43.51;983.95;410;1;0.0;250;256;1517964780
23.77;43.37;983.91;400;0;0.0;255;261;1517964810
23.79;42.85;984.01;410;1;0.0;253;256;1517964840
23.79;42.60;983.98;405;0;0.04;255;257;1517964870
23.78;41.19;983.91;405;0;0.03;253;270;1517964900
23.77;44.61;983.98;414;2;0.03;257;260;1517964930
23.79;41.93;983.98;418;2;0.03;257;253;1517964960
23.79;43.53;983.96;410;1;0.03;251;259;1517964990
23.78;42.51;983.93;418;2;0.06;254;269;1517965020
23.77;42.96;983.99;418;2;0.0;254;249;1517965050
23.78;42.69;984.03;418;2;0.0;253;267;1517965080
23.78;43.32;983.99;418;2;0.0;252;258;1517965110
23.79;42.76;984.01;418;2;0.0;252;258;1517965140
23.79;43.09;983.93;414;2;0.04;255;259;1517965170
23.78;43.83;984.00;414;2;0.01;253;246;1517965200
23.79;43.88;984.01;410;1;0.05;250;273;1517965230
23.08;43.39;983.90;414;2;0.01;255;250;1517965260
23.08;43.43;983.88;414;2;0.03;250;267;1517965290
23.08;44.45;983.93;405;0;0.0;250;256;1517965320
23.81;45.11;983.95;418;2;0.02;251;267;1517965350
23.79;44.21;983.94;410;1;0.0;256;268;1517965380
23.78;42.91;983.94;414;2;0.0;253;256;1517965410
23.77;44.08;983.92;418;2;0.03;250;269;1517965440
23.77;44.24;983.97;418;2;0.0;252;250;1517965470
23.76;43.40;983.91;418;2;0.03;254;258;1517965500
23.74;41.99;983.91;418;2;0.02;253;254;1517965530
23.76;43.69;983.94;418;2;0.0;256;255;1517965560
23.76;43.48;983.89;418;2;0.0;251;265;1517965590
23.76;45.37;983.81;418;2;0.0;252;262;1517965620
23.75;44.84;983.89;418;2;0.03;252;264;1517965650
23.75;44.30;983.94;414;2;0.0;253;265;1517965680
23.75;44.57;984.00;418;2;0.06;256;269;1517965710
23.74;44.46;983.94;410;1;0.02;256;268;1517965740
23.76;44.58;983.91;414;2;0.0;251;253;1517965770
23.75;44.70;984.05;422;3;0.0;253;246;1517965800
23.75;43.80;983.99;414;2;0.0;253;270;1517965830
23.73;41.57;983.89;414;2;0.0;256;254;1517965860
23.72;43.25;984.03;414;2;0.0;254;266;1517965890
23.74;44.47;984.00;414;2;0.0;255;260;1517965920
23.74;42.20;983.93;422;3;0.01;252;259;1517965950
23.75;43.33;983.94;414;2;0.02;252;273;1517965980
23.72;43.44;984.04;422;3;0.0;253;263;1517966010
23.73;42.91;983.96;410;1;0.0;255;266;1517966040
23.72;44.36;984.00;422;3;0.01;253;259;1517966070
23.72;44.57;983.92;427;4;0.0;254;249;1517966100
23.74;42.55;983.96;427;4;0.02;250;256;1517966130
23.74;43.11;984.00;427;4;0.07;251;260;1517966160
23.73;41.28;983.88;427;4;0.01;255;253;1517966190
23.74;44.06;983.96;427;4;0.05;252;261;1517966220
23.75;41.78;983.95;422;3;0.0;256;263;1517966250
23.73;43.53;983.96;427;4;0.01;253;256;1517966280
23.71;43.34;984.01;418;2;0.0;248;252;1517966310
23.72;43.20;983.87;427;4;0.0;253;258;1517966340
23.72;44.64;983.90;427;4;0.03;254;260;1517966370
23.73;43.60;983.95;427;4;0.0;251;258;1517966400
23.73;43.37;983.89;427;4;0.02;255;266;1517966430
23.72;44.72;983.93;427;4;0.02;253;264;1517966460
23.73;43.41;983.93;433;5;0.01;255;268;1517966490
23.72;43.87;983.89;433;5;0.0;253;266;1517966520
23.72;43.83;983.90;433;5;0.01;252;262;1517966550
23.71;44.93;983.88;418;2;0.05;254;255;1517966580
23.07;42.00;983.90;427;4;0.0;250;251;1517966610
23.1;41.48;982.16;433;5;0.0;253;253;1517966640
23.12;42.21;982.20;433;5;0.02;254;258;1517966670
23.11;42.51;982.21;433;5;0.05;251;252;1517966700
23.09;42.41;982.19;433;5;0.0;256;247;1517966730
23.1;42.57;982.15;433;5;0.0;251;249;1517966760
23.08;44.03;982.13;433;5;0.0;252;256;1517966790
23.07;41.88;982.13;422;3;0.04;255;252;1517966820
23.08;41.86;982.17;433;5;0.05;253;257;1517966850
23.07;41.54;982.18;438;5;0.0;253;261;1517966880
23.07;41.68;982.17;433;5;0.0;255;256;1517966910
23.09;42.38;982.10;433;5;0.0;254;250;1517966940
23.09;42.38;982.12;433;5;0.0;255;264;1517966970
23.08;42.64;982.08;433;5;0.03;250;264;1517967000
23.07;41.60;982.05;427;4;0.02;253;255;1517967030
23.08;41.50;982.15;433;5;0.01;251;256;1517967060
23.08;42.58;982.12;427;4;0.04;250;258;1517967090
23.11;41.47;982.07;438;5;0.0;252;260;1517967120
23.11;42.29;982.12;438;5;0.0;254;258;1517967150
23.1;42.22;981.99;438;5;0.03;252;268;1517967180
23.1;42.50;982.01;438;5;0.0;255;265;1517967210
23.11;42.65;982.04;438;5;0.03;252;252;1517967240
23.11;42.51;981.98;438;5;0.0;256;261;1517967270
23.1;42.84;982.06;438;5;0.0;253;258;1517967300
23.11;43.34;982.03;438;5;0.01;253;242;1517967330
23.12;43.25;982.09;438;5;0.0;256;253;1517967360
23.11;42.01;981.99;443;6;0.05;253;253;1517967390
23.11;42.25;981.99;438;5;0.0;257;254;1517967420
23.11;43.70;981.98;443;6;0.0;252;257;1517967450
23.12;42.42;981.96;443;6;0.02;255;259;1517967480
23.11;42.29;982.05;443;6;0.01;255;260;1517967510
23.11;43.30;981.97;433;5;0.0;255;243;1517967540
23.1;43.37;981.96;438;5;0.0;253;271;1517967570
23.11;43.13;981.98;438;5;0.0;251;248;1517967600
23.12;40.61;981.96;427;4;0.0;256;251;1517967630
23.1;43.69;981.99;438;5;0.0;253;251;1517967660
23.12;42.63;981.98;443;6;0.0;254;258;1517967690
23.13;43.48;981.92;438;5;0.0;255;250;1517967720
23.13;43.86;981.94;438;5;0.02;253;253;1517967750
23.13;43.50;981.89;438;5;0.01;253;247;1517967780
23.13;42.38;981.94;427;4;0.02;254;245;1517967810
23.14;43.21;981.90;438;5;0.01;253;265;1517967840
23.14;42.31;981.90;438;5;0.0;255;262;1517967870
23.15;42.50;981.92;427;4;0.02;253;259;1517967900
23.15;42.42;981.93;438;5;0.02;256;270;1517967930
23.14;42.51;981.90;427;4;0.0;252;249;1517967960
23.15;43.46;981.81;438;5;0.0;253;256;1517967990
23.15;43.13;981.89;438;5;0.0;255;257;1517968020
23.13;43.28;981.90;438;5;0.0;255;263;1517968050
23.13;43.38;981.85;438;5;0.0;250;258;1517968080
23.13;44.26;981.83;438;5;0.01;254;251;1517968110
23.14;43.79;981.87;438;5;0.0;253;260;1517968140
23.13;42.65;981.87;438;5;0.03;255;265;1517968170
23.11;42.28;981.90;443;6;0.0;250;263;1517968200
23.12;43.34;981.91;433;5;0.0;256;250;1517968230
23.14;43.47;981.89;433;5;0.0;254;253;1517968260
23.13;43.57;981.85;443;6;0.01;253;262;1517968290
23.13;40.58;981.77;438;5;0.0;254;262;1517968320
23.14;44.07;981.90;438;5;0.06;257;250;1517968350
23.12;42.88;981.87;443;6;0.03;252;258;1517968380
23.13;43.47;981.92;433;5;0.0;256;264;1517968410
23.13;43.26;981.83;443;6;0.0;256;263;1517968440
23.14;43.06;981.83;433;5;0.0;252;252;1517968470
23.13;42.79;981.82;433;5;0.0;255;253;1517968500
23.12;42.47;981.81;443;6;0.08;250;258;1517968530
23.15;43.52;981.85;438;5;0.0;257;259;1517968560
23.14;42.19;981.86;438;5;0.02;252;249;1517968590
23.15;42.84;981.78;438;5;0.02;251;264;1517968620
23.13;40.96;981.74;433;5;0.0;255;255;1517968650
23.14;42.76;981.77;443;6;0.02;255;264;1517968680
23.14;41.25;981.77;443;6;0.01;256;251;1517968710
23.15;43.77;981.78;438;5;0.0;257;247;1517968740
23.16;42.68;981.68;438;5;0.0;253;246;1517968770
23.16;42.59;981.75;438;5;0.01;252;250;1517968800
23.15;41.58;981.77;443;6;0.02;253;262;1517968830
23.13;42.72;981.71;443;6;0.0;255;268;1517968860
23.13;42.77;981.71;433;5;0.0;251;272;1517968890
23.15;42.71;981.78;443;6;0.02;255;255;1517968920
23.14;45.18;981.81;443;6;0.0;258;268;1517968950
23.13;42.82;981.73;445;6;0.0;252;250;1517968980
23.15;43.73;981.74;445;6;0.01;256;255;1517969010
23.14;42.70;981.71;445;6;0.08;253;266;1517969040
23.14;42.67;981.76;445;6;0.0;251;262;1517969070
23.16;42.48;981.68;445;6;0.01;251;261;1517969100
23.15;42.15;981.77;445;6;0.05;254;255;1517969130
23.15;42.01;981.83;438;5;0.0;254;260;1517969160
23.16;42.79;981.72;438;5;0.0;253;258;1517969190
23.15;42.49;981.81;445;6;0.05;252;248;1517969220
23.14;42.74;981.74;452;7;0.0;255;259;1517969250
23.14;41.85;981.75;452;7;0.01;255;263;1517969280
23.15;42.34;981.75;445;6;0.04;252;262;1517969310
23.16;42.74;981.77;445;6;0.02;253;252;1517969340
23.15;42.10;981.67;445;6;0.04;252;265;1517969370
23.17;42.95;981.72;445;6;0.0;254;266;1517969400
23.17;43.08;981.70;445;6;0.0;255;259;1517969430
23.17;41.56;981.72;464;9;0.0;253;246;1517969460
23.17;42.73;981.70;475;11;0.0;253;252;1517969490
23.15;43.09;981.77;477;11;0.01;254;263;1517969520
23.16;44.51;981.67;487;13;0.01;252;250;1517969550
23.16;42.47;981.70;487;13;0.0;251;252;1517969580
23.16;42.73;981.72;477;11;0.02;254;259;1517969610
23.16;41.47;981.72;460;9;0.0;255;268;1517969640
23.16;43.05;981.72;477;11;0.04;253;253;1517969670
23.17;42.30;981.77;475;11;0.0;257;244;1517969700
23.15;44.23;981.73;477;11;0.06;253;265;1517969730
23.15;42.70;981.68;477;11;0.0;255;259;1517969760
23.14;46.16;981.75;464;9;0.0;251;256;1517969790
23.14;42.68;981.74;475;11;0.01;259;264;1517969820
23.14;42.04;981.74;477;11;0.0;252;267;1517969850
23.14;42.52;981.72;475;11;0.02;253;252;1517969880
23.15;41.26;981.69;475;11;0.0;253;256;1517969910
23.15;43.12;981.75;475;11;0.0;255;258;1517969940
23.15;42.85;981.71;475;11;0.05;251;264;1517969970
23.14;42.77;981.73;464;9;0.0;255;251;1517970000
23.15;43.40;981.76;457;8;0.02;254;264;1517970030
23.15;42.67;981.69;457;8;0.01;249;267;1517970060
23.17;41.53;981.66;464;9;0.0;253;259;1517970090
23.18;43.30;981.63;457;8;0.0;254;261;1517970120
23.19;42.71;981.67;457;8;0.03;254;253;1517970150
23.18;41.74;981.63;460;9;0.05;252;261;1517970180
23.19;42.37;981.63;460;9;0.07;254;262;1517970210
23.21;42.06;981.69;457;8;0.04;252;259;1517970240
23.2;43.43;981.71;460;9;0.0;255;260;1517970270
23.2;42.32;981.74;460;9;0.01;248;261;1517970300
23.2;41.80;981.70;452;7;0.0;253;255;1517970330
23.22;43.02;981.73;460;9;0.03;264;268;1517970360
23.22;41.72;981.71;457;8;0.0;254;252;1517970390
23.21;43.29;981.68;457;8;0.0;250;261;1517970420
23.22;43.22;981.72;457;8;0.0;252;253;1517970450
23.19;42.95;981.66;445;6;0.0;251;250;1517970480
23.2;44.68;981.71;443;6;0.03;256;245;1517970510
23.2;42.38;981.70;452;7;0.0;251;246;1517970540
23.18;43.88;981.73;452;7;0.0;253;262;1517970570
23.19;43.15;981.68;445;6;0.0;254;263;1517970600
23.18;43.07;981.69;443;6;0.05;254;249;1517970630
23.17;43.09;981.66;443;6;0.0;256;244;1517970660
23.18;41.99;981.67;443;6;0.02;268;247;1517970690
23.19;43.06;981.64;443;6;0.07;275;257;1517970720
23.2;41.77;981.73;443;6;0.01;270;260;1517970750
23.21;42.99;981.66;452;7;0.0;264;261;1517970780
23.2;42.25;981.74;438;5;0.03;265;273;1517970810
23.2;44.07;981.68;438;5;0.05;274;267;1517970840
23.19;43.39;981.70;443;6;0.0;272;256;1517970870
23.21;43.20;981.66;443;6;0.03;269;259;1517970900
23.23;43.93;981.68;438;5;0.04;269;268;1517970930
23.23;42.36;981.60;445;6;0.02;260;255;1517970960
23.22;43.13;981.75;445;6;0.0;255;266;1517970990
23.23;43.70;981.71;445;6;0.02;257;252;1517971020
23.23;43.48;981.67;445;6;0.01;254;254;1517971050
23.23;44.18;981.65;445;6;0.0;252;251;1517971080
23.23;44.00;981.71;443;6;0.03;256;249;1517971110
23.23;42.75;981.68;443;6;0.01;255;258;1517971140
23.22;44.04;981.79;443;6;0.0;254;248;1517971170
23.23;44.33;981.75;443;6;0.0;255;266;1517971200
23.21;43.89;981.74;443;6;0.01;252;268;1517971230
23.2;43.96;981.71;443;6;0.0;254;269;1517971260
23.19;41.97;981.70;438;5;0.0;256;260;1517971290
23.19;43.14;981.69;427;4;0.02;251;249;1517971320
23.18;44.46;981.73;438;5;0.02;255;259;1517971350
23.18;44.39;981.67;443;6;0.0;257;268;1517971380
23.21;43.71;981.65;443;6;0.02;256;260;1517971410
23.21;43.23;981.68;438;5;0.02;257;259;1517971440
23.19;41.96;981.70;443;6;0.07;251;261;1517971470
23.2;42.92;981.63;427;4;0.0;257;265;1517971500
23.19;42.68;981.66;438;5;0.0;254;265;1517971530
23.18;43.30;981.60;438;5;0.0;256;261;1517971560
23.2;43.18;981.63;438;5;0.0;252;267;1517971590
23.19;42.07;981.60;438;5;0.03;254;260;1517971620
23.2;44.30;981.69;438;5;0.0;254;255;1517971650
23.19;42.96;981.65;443;6;0.04;255;255;1517971680
23.21;41.63;981.67;438;5;0.0;254;255;1517971710
23.18;44.09;981.65;438;5;0.0;255;262;1517971740
23.17;43.16;981.58;427;4;0.0;254;247;1517971770
23.17;43.17;981.64;427;4;0.0;256;250;1517971800
23.15;43.10;981.52;438;5;0.02;258;266;1517971830
23.14;43.31;981.64;427;4;0.0;257;249;1517971860
23.14;44.35;981.52;427;4;0.0;257;252;1517971890
23.15;42.45;981.54;438;5;0.0;255;261;1517971920
23.13;41.78;981.52;433;5;0.02;257;256;1517971950
23.16;43.20;981.52;433;5;0.05;252;260;1517971980
23.14;43.16;981.47;433;5;0.0;252;253;1517972010
23.15;42.16;981.46;433;5;0.02;252;257;1517972040
23.15;42.46;981.57;427;4;0.02;261;266;1517972070
23.16;42.38;981.48;438;5;0.04;254;251;1517972100
23.17;42.73;981.49;438;5;0.03;257;245;1517972130
23.16;43.30;981.48;438;5;0.01;254;255;1517972160
23.16;43.44;981.47;438;5;0.0;256;256;1517972190
23.16;42.01;981.51;438;5;0.0;257;268;1517972220
23.17;40.19;981.46;438;5;0.0;254;257;1517972250
23.17;42.40;981.43;438;5;0.01;255;247;1517972280
23.14;42.91;981.43;438;5;0.01;255;255;1517972310
23.16;43.73;981.50;438;5;0.02;256;255;1517972340
23.15;43.13;981.49;427;4;0.0;255;257;1517972370
23.15;41.90;981.47;427;4;0.0;253;260;1517972400
23.13;44.35;981.45;438;5;0.0;255;269;1517972430
23.13;42.81;981.50;422;3;0.02;259;261;1517972460
23.14;41.90;981.46;438;5;0.0;255;264;1517972490
23.13;42.93;981.49;427;4;0.02;256;255;1517972520
23.13;41.42;981.48;438;5;0.02;255;261;1517972550
23.12;42.36;981.44;438;5;0.0;252;256;1517972580
23.14;42.77;981.47;438;5;0.06;249;260;1517972610
23.14;42.39;981.50;427;4;0.0;252;263;1517972640
23.14;42.16;981.51;438;5;0.05;255;278;1517972670
23.15;41.95;981.52;438;5;0.0;255;258;1517972700
23.16;42.54;981.55;427;4;0.01;250;266;1517972730
23.12;39.26;981.50;433;5;0.0;253;254;1517972760
23.13;43.36;981.45;433;5;0.0;252;269;1517972790
23.11;42.16;981.48;433;5;0.02;255;258;1517972820
23.13;42.78;981.47;433;5;0.0;254;268;1517972850
23.13;42.15;981.44;433;5;0.0;255;258;1517972880
23.14;41.28;981.44;433;5;0.0;256;262;1517972910
23.13;42.18;981.40;433;5;0.04;265;259;1517972940
23.14;43.97;981.44;433;5;0.05;255;260;1517972970
23.16;43.69;981.44;433;5;0.0;256;260;1517973000
23.15;41.47;981.38;433;5;0.02;255;256;1517973030
23.14;42.98;981.39;433;5;0.02;257;269;1517973060
23.14;41.58;981.47;433;5;0.0;252;263;1517973090
23.15;42.84;981.39;433;5;0.02;252;262;1517973120
23.15;42.55;981.42;433;5;0.05;251;275;1517973150
23.14;43.81;981.44;433;5;0.0;253;257;1517973180
23.15;43.60;981.50;422;3;0.02;253;254;1517973210
23.15;43.94;981.41;433;5;0.02;250;256;1517973240
23.14;42.10;981.43;422;3;0.02;255;247;1517973270
23.14;43.20;981.42;433;5;0.0;255;271;1517973300
23.12;42.74;981.40;433;5;0.0;253;248;1517973330
23.12;43.01;981.43;433;5;0.0;253;263;1517973360
23.12;43.08;981.38;433;5;0.02;253;261;1517973390
23.12;44.56;981.38;427;4;0.0;255;246;1517973420
23.13;43.25;981.42;427;4;0.0;252;249;1517973450
23.13;43.29;981.37;422;3;0.01;250;273;1517973480
23.12;43.06;981.38;427;4;0.0;255;268;1517973510
23.14;42.68;981.38;427;4;0.05;253;259;1517973540
23.15;43.03;981.36;427;4;0.04;254;249;1517973570
23.14;44.02;981.37;427;4;0.02;254;256;1517973600
23.16;43.72;981.46;427;4;0.0;255;252;1517973630
23.17;42.83;981.40;418;2;0.0;256;257;1517973660
23.15;44.59;981.36;427;4;0.0;255;261;1517973690
23.15;43.63;981.40;418;2;0.0;256;249;1517973720
23.15;44.13;981.39;422;3;0.01;252;266;1517973750
23.15;43.71;981.33;422;3;0.0;252;264;1517973780
23.14;44.87;981.40;422;3;0.0;256;273;1517973810
23.14;43.69;981.43;422;3;0.0;253;266;1517973840
23.15;43.79;981.34;414;2;0.0;254;259;1517973870
23.14;44.90;981.33;422;3;0.0;256;264;1517973900
23.13;43.17;981.35;422;3;0.0;253;258;1517973930
23.12;43.61;981.29;422;3;0.0;254;250;1517973960
23.13;42.86;981.30;422;3;0.03;255;278;1517973990
23.13;43.60;981.28;418;2;0.02;250;272;1517974020
23.14;44.12;981.34;422;3;0.02;255;270;1517974050
23.14;43.57;981.24;418;2;0.0;252;269;1517974080
23.13;42.62;981.30;422;3;0.02;254;258;1517974110
23.14;43.48;981.24;422;3;0.02;255;270;1517974140
23.14;43.75;981.25;418;2;0.0;254;254;1517974170
23.14;42.32;981.24;418;2;0.0;252;252;1517974200
23.13;42.36;981.19;418;2;0.0;254;267;1517974230
23.14;42.09;981.32;410;1;0.0;251;249;1517974260
23.14;42.11;981.26;410;1;0.0;254;258;1517974290
23.14;43.71;981.15;418;2;0.04;255;263;1517974320
23.15;43.51;981.22;414;2;0.0;255;264;1517974350
23.14;43.41;981.12;410;1;0.0;255;254;1517974380
23.15;45.20;981.10;418;2;0.0;252;259;1517974410
23.13;44.37;981.17;418;2;0.01;256;263;1517974440
23.15;43.46;981.16;418;2;0.01;253;261;1517974470
23.14;44.28;981.16;414;2;0.0;254;262;1517974500
23.12;43.38;981.24;410;1;0.0;256;261;1517974530
23.14;41.91;981.19;418;2;0.0;254;260;1517974560
23.12;43.47;981.13;414;2;0.0;255;262;1517974590
23.15;43.61;981.19;418;2;0.0;254;258;1517974620
23.13;42.58;981.18;414;2;0.02;253;254;1517974650
23.15;43.35;981.22;418;2;0.02;249;254;1517974680
23.14;43.36;981.19;418;2;0.0;252;261;1517974710
23.15;43.45;981.16;410;1;0.02;253;256;1517974740
23.13;43.37;981.08;418;2;0.04;253;266;1517974770
23.13;42.76;981.10;422;3;0.0;253;256;1517974800
23.14;43.80;981.07;427;4;0.03;252;263;1517974830
23.13;43.53;981.11;433;5;0.02;255;251;1517974860
23.13;43.69;981.03;433;5;0.0;253;270;1517974890
23.13;43.47;981.10;438;5;0.0;255;258;1517974920
23.12;42.84;981.12;438;5;0.0;255;263;1517974950
23.13;42.83;981.08;445;6;0.06;252;258;1517974980
23.13;43.42;981.10;460;9;0.0;254;260;1517975010
23.13;44.59;981.10;475;11;0.0;255;245;1517975040
23.15;44.88;981.16;482;12;0.01;255;249;1517975070
23.14;42.12;981.14;487;13;0.0;254;255;1517975100
23.15;44.20;981.08;496;14;0.0;254;260;1517975130
23.14;44.49;981.01;498;14;0.0;254;253;1517975160
23.15;44.04;981.11;498;14;0.03;256;258;1517975190
23.16;43.98;981.03;503;15;0.03;253;250;1517975220
23.17;43.74;981.07;503;15;0.0;253;249;1517975250
23.16;44.21;981.09;496;14;0.03;256;264;1517975280
23.14;44.49;981.15;503;15;0.01;249;259;1517975310
23.14;44.17;981.12;503;15;0.0;256;263;1517975340
23.14;43.20;981.07;514;17;0.0;255;268;1517975370
23.14;44.70;981.08;498;14;0.03;253;255;1517975400
23.14;43.60;981.07;503;15;0.03;251;252;1517975430
23.14;43.38;981.11;503;15;0.01;255;260;1517975460
23.15;43.91;981.13;503;15;0.0;249;260;1517975490
23.12;43.56;981.02;514;17;0.02;248;272;1517975520
23.14;43.56;981.05;514;17;0.0;253;247;1517975550
23.13;43.92;981.03;526;19;0.0;254;249;1517975580
23.11;44.13;981.01;543;21;0.04;254;270;1517975610
23.13;42.10;980.94;555;23;0.01;254;251;1517975640
23.14;43.46;981.01;555;23;0.02;254;266;1517975670
23.14;43.96;981.00;561;24;0.02;253;248;1517975700
23.14;43.47;981.00;575;26;0.0;250;253;1517975730
23.13;43.36;981.01;581;27;0.0;255;256;1517975760
23.14;43.48;981.07;581;27;0.01;252;255;1517975790
23.13;44.74;981.07;561;24;0.0;253;266;1517975820
23.13;45.51;981.05;569;25;0.0;254;258;1517975850
23.16;44.15;981.02;575;26;0.0;253;258;1517975880
23.16;42.95;981.01;575;26;0.04;256;252;1517975910
23.17;42.90;981.04;561;24;0.0;254;264;1517975940
23.17;43.55;981.13;575;26;0.0;257;253;1517975970
23.17;43.62;981.01;575;26;0.01;252;254;1517976000
23.16;43.76;980.98;569;25;0.0;254;252;1517976030
23.17;43.46;981.03;555;23;0.0;254;265;1517976060
23.16;43.41;981.02;555;23;0.0;255;256;1517976090
23.15;44.99;981.06;543;21;0.0;254;249;1517976120
23.15;43.92;981.04;531;19;0.0;254;251;1517976150
23.16;44.33;981.02;531;19;0.0;252;261;1517976180
23.16;43.75;980.99;526;19;0.02;255;255;1517976210
23.17;43.38;981.04;531;19;0.0;253;264;1517976240
23.16;45.18;981.10;543;21;0.03;254;252;1517976270
23.16;43.66;981.04;536;20;0.0;251;259;1517976300
23.16;42.40;981.03;536;20;0.0;255;264;1517976330
23.16;44.21;980.95;536;20;0.0;253;254;1517976360
23.14;43.40;981.04;519;18;0.02;254;255;1517976390
23.17;43.55;981.03;519;18;0.0;256;260;1517976420
23.17;43.55;981.02;531;19;0.02;255;258;1517976450
23.17;43.53;981.01;531;19;0.0;250;250;1517976480
23.15;43.58;981.04;519;18;0.08;256;258;1517976510
23.13;42.84;981.07;526;19;0.05;254;273;1517976540
23.12;42.15;981.09;519;18;0.0;257;264;1517976570
23.13;43.56;981.10;519;18;0.0;256;247;1517976600
23.14;42.97;981.05;514;17;0.01;250;249;1517976630
23.16;44.48;981.10;519;18;0.0;250;247;1517976660
23.14;43.97;981.04;519;18;0.03;253;257;1517976690
23.13;44.05;981.08;514;17;0.0;249;263;1517976720
23.12;42.69;981.03;503;15;0.0;253;273;1517976750
23.12;44.14;981.01;503;15;0.0;257;251;1517976780
23.11;43.97;981.04;503;15;0.0;251;266;1517976810
23.11;43.58;981.03;503;15;0.0;255;256;1517976840
23.12;43.39;981.11;498;14;0.0;254;259;1517976870
23.14;43.57;981.07;496;14;0.02;258;274;1517976900
23.15;43.15;981.12;498;14;0.02;253;261;1517976930
23.15;44.10;981.02;498;14;0.01;254;261;1517976960
23.14;43.82;981.04;498;14;0.0;250;260;1517976990
23.15;44.73;981.06;487;13;0.05;252;254;1517977020
23.15;43.95;981.04;496;14;0.04;251;252;1517977050
23.15;43.48;981.07;496;14;0.01;253;259;1517977080
23.14;42.73;981.07;496;14;0.05;251;266;1517977110
23.15;45.00;981.09;487;13;0.0;251;244;1517977140
23.15;44.28;981.08;487;13;0.03;256;246;1517977170
23.15;44.05;981.09;487;13;0.01;249;256;1517977200
23.14;42.62;981.10;487;13;0.01;252;253;1517977230
23.15;44.47;981.13;477;11;0.0;254;243;1517977260
23.16;43.82;981.13;482;12;0.0;255;259;1517977290
23.14;44.18;981.15;477;11;0.03;255;269;1517977320
23.13;44.19;981.07;482;12;0.0;256;263;1517977350
23.14;43.66;981.04;482;12;0.0;255;271;1517977380
23.14;43.45;981.07;482;12;0.02;254;264;1517977410
23.13;44.88;981.08;477;11;0.0;254;259;1517977440
23.12;42.98;981.14;464;9;0.0;253;250;1517977470
23.14;43.64;981.09;477;11;0.0;254;248;1517977500
23.14;43.06;981.07;464;9;0.0;253;256;1517977530
23.13;43.35;981.03;475;11;0.0;254;252;1517977560
23.12;43.01;980.96;475;11;0.01;251;262;1517977590
23.13;44.05;981.05;475;11;0.01;250;262;1517977620
23.11;42.66;980.96;475;11;0.0;251;258;1517977650
23.12;44.06;981.06;475;11;0.0;253;259;1517977680
23.12;45.22;981.06;460;9;0.04;257;257;1517977710
23.14;43.24;980.96;457;8;0.0;254;260;1517977740
23.13;42.33;981.07;464;9;0.04;256;257;1517977770
23.15;43.35;981.09;464;9;0.0;253;253;1517977800
23.14;41.98;980.97;457;8;0.01;254;255;1517977830
23.12;42.72;980.94;457;8;0.03;253;256;1517977860
23.13;43.41;981.02;452;7;0.0;253;259;1517977890
23.12;42.28;981.07;457;8;0.0;253;269;1517977920
23.13;44.57;980.99;452;7;0.01;255;271;1517977950
23.14;42.87;981.03;457;8;0.0;251;258;1517977980
23.16;42.91;981.09;457;8;0.0;252;241;1517978010
23.16;43.51;981.12;445;6;0.0;253;269;1517978040
23.15;43.80;981.06;457;8;0.0;252;246;1517978070
23.15;44.05;981.09;457;8;0.0;252;259;1517978100
23.15;43.04;981.10;452;7;0.0;252;264;1517978130
23.13;44.76;981.05;457;8;0.0;250;265;1517978160
23.13;43.98;981.04;452;7;0.03;252;254;1517978190
23.14;44.52;981.07;452;7;0.01;250;252;1517978220
23.12;43.68;981.03;443;6;0.0;252;261;1517978250
23.12;42.13;981.08;452;7;0.0;251;255;1517978280
23.14;42.50;981.08;445;6;0.02;249;252;1517978310
23.13;43.95;981.06;445;6;0.0;249;264;1517978340
23.14;44.54;981.06;445;6;0.01;252;256;1517978370
23.14;42.69;981.11;443;6;0.05;251;255;1517978400
23.14;43.00;981.15;443;6;0.0;252;263;1517978430
23.15;43.55;981.05;433;5;0.02;254;256;1517978460
23.14;43.56;981.08;438;5;0.01;251;264;1517978490
23.14;43.59;981.04;427;4;0.03;253;256;1517978520
3.05;981.72;3030;438;5;0.04;253;253;1517978550
23.17;42.30;981.77;427;4;0.0;257;244;1517978580
23.15;44.23;981.73;438;5;0.06;253;265;1517978610
23.15;42.70;981.68;422;3;0.0;255;259;1517978640
23.14;46.16;981.75;433;5;0.0;251;256;1517978670
23.14;42.68;981.74;433;5;0.01;259;264;1517978700
23.14;42.04;981.74;427;4;0.0;252;267;1517978730
23.14;42.52;981.72;433;5;0.02;253;252;1517978760
23.15;41.26;981.69;433;5;0.0;253;256;1517978790
23.15;43.12;981.75;433;5;0.0;255;258;1517978820
23.15;42.85;981.71;427;4;0.05;251;264;1517978850
23.14;42.77;981.73;418;2;0.0;255;251;1517978880
23.15;43.40;981.76;427;4;0.02;254;264;1517978910
23.15;42.67;981.69;422;3;0.01;249;267;1517978940
23.17;41.53;981.66;414;2;0.0;253;259;1517978970
23.18;43.30;981.63;422;3;0.0;254;261;1517979000
23.19;42.71;981.67;422;3;0.03;254;253;1517979030
23.18;41.74;981.63;422;3;0.05;252;261;1517979060
23.19;42.37;981.63;418;2;0.07;254;262;1517979090
23.21;42.06;981.69;418;2;0.04;252;259;1517979120
23.2;43.43;981.71;418;2;0.0;255;260;1517979150
23.2;42.32;981.74;414;2;0.01;248;261;1517979180
23.2;41.80;981.70;414;2;0.0;253;255;1517979210
23.22;43.02;981.73;414;2;0.03;264;268;1517979240
23.22;41.72;981.71;414;2;0.0;254;252;1517979270
23.21;43.29;981.68;405;0;0.0;250;261;1517979300
23.22;43.22;981.72;414;2;0.0;252;253;1517979330
23.19;42.95;981.66;405;0;0.0;251;250;1517979360
23.2;44.68;981.71;414;2;0.03;256;245;1517979390
23.2;42.38;981.70;400;0;0.0;251;246;1517979420
23.18;43.88;981.73;414;2;0.0;253;262;1517979450
23.19;43.15;981.68;410;1;0.0;254;263;1517979480
23.18;43.07;981.69;410;1;0.05;254;249;1517979510
23.17;43.09;981.66;410;1;0.0;256;244;1517979540
23.18;41.99;981.67;405;0;0.02;268;247;1517979570
23.19;43.06;981.64;408;1;0.07;275;257;1517979600
23.2;41.77;981.73;400;0;0.01;270;260;1517979630
23.21;42.99;981.66;400;0;0.0;264;261;1517979660
23.2;42.25;981.74;400;0;0.03;265;273;1517979690
23.2;44.07;981.68;408;1;0.05;274;267;1517979720
23.19;43.39;981.70;408;1;0.0;272;256;1517979750
23.21;43.20;981.66;413;1;0.03;269;259;1517979780
23.23;43.93;981.68;400;0;0.04;269;268;1517979810
23.23;42.36;981.60;400;0;0.02;260;255;1517979840
23.22;43.13;981.75;409;1;0.0;255;266;1517979870
23.23;43.70;981.71;400;0;0.02;257;252;1517979900
23.23;43.48;981.67;405;0;0.01;254;254;1517979930
23.23;44.18;981.65;409;1;0.0;252;251;1517979960
23.23;44.00;981.71;405;0;0.03;256;249;1517979990
23.23;42.75;981.68;405;0;0.01;255;258;1517980020
23.22;44.04;981.79;414;2;0.0;254;248;1517980050
23.23;44.33;981.75;409;1;0.0;255;266;1517980080
23.21;43.89;981.74;409;1;0.01;252;268;1517980110
23.2;43.96;981.71;405;0;0.0;254;269;1517980140
23.19;41.97;981.70;400;0;0.0;256;260;1517980170
23.19;43.14;981.69;409;1;0.02;251;249;1517980200
23.18;44.46;981.73;411;1;0.02;255;259;1517980230
23.18;44.39;981.67;400;0;0.0;257;268;1517980260
23.21;43.71;981.65;407;1;0.02;256;260;1517980290
23.21;43.23;981.68;407;1;0.02;257;259;1517980320
23.19;41.96;981.70;400;0;0.07;251;261;1517980350
23.2;42.92;981.63;407;1;0.0;257;265;1517980380
23.19;42.68;981.66;400;0;0.0;254;265;1517980410
23.18;43.30;981.60;407;1;0.0;256;261;1517980440
23.2;43.18;981.63;400;0;0.0;252;267;1517980470
23.19;42.07;981.60;400;0;0.03;254;260;1517980500
23.2;44.30;981.69;402;0;0.0;254;255;1517980530
23.19;42.96;981.65;402;0;0.04;255;255;1517980560
23.21;41.63;981.67;400;0;0.0;254;255;1517980590
23.18;44.09;981.65;400;0;0.0;255;262;1517980620
23.17;43.16;981.58;400;0;0.0;254;247;1517980650
23.17;43.17;981.64;409;1;0.0;256;250;1517980680
23.15;43.10;981.52;400;0;0.02;258;266;1517980710
23.14;43.31;981.64;402;0;0.0;257;249;1517980740
23.14;44.35;981.52;409;1;0.0;257;252;1517980770
23.15;42.45;981.54;400;0;0.0;255;261;1517980800
23.13;41.78;981.52;414;2;0.02;257;256;1517980830
23.16;43.20;981.52;414;2;0.05;252;260;1517980860
23.14;43.16;981.47;405;0;0.0;252;253;1517980890
23.15;42.16;981.46;414;2;0.02;252;257;1517980920
23.15;42.46;981.57;414;2;0.02;261;266;1517980950
23.16;42.38;981.48;407;1;0.04;254;251;1517980980
23.17;42.73;981.49;407;1;0.03;257;245;1517981010
23.16;43.30;981.48;407;1;0.01;254;255;1517981040
23.16;43.44;981.47;407;1;0.0;256;256;1517981070
23.16;42.01;981.51;407;1;0.0;257;268;1517981100
23.17;40.19;981.46;400;0;0.0;254;257;1517981130
23.17;42.40;981.43;408;1;0.01;255;247;1517981160
23.14;42.91;981.43;408;1;0.01;255;255;1517981190
23.16;43.73;981.50;408;1;0.02;256;255;1517981220
23.15;43.13;981.49;408;1;0.0;255;257;1517981250
23.15;41.90;981.47;403;0;0.0;253;260;1517981280
23.13;44.35;981.45;403;0;0.0;255;269;1517981310
23.13;42.81;981.50;408;1;0.02;259;261;1517981340
23.14;41.90;981.46;400;0;0.0;255;264;1517981370
23.13;42.93;981.49;400;0;0.02;256;255;1517981400
23.13;41.42;981.48;408;1;0.02;255;261;1517981430
23.12;42.36;981.44;408;1;0.0;252;256;1517981460
23.14;42.77;981.47;408;1;0.06;249;260;1517981490
23.14;42.39;981.50;400;0;0.0;252;263;1517981520
23.14;42.16;981.51;405;0;0.05;255;278;1517981550
23.15;41.95;981.52;408;1;0.0;255;258;1517981580
23.16;42.54;981.55;408;1;0.01;250;266;1517981610
23.12;39.26;981.50;408;1;0.0;253;254;1517981640
23.13;43.36;981.45;400;0;0.0;252;269;1517981670
23.11;42.16;981.48;408;1;0.02;255;258;1517981700
23.13;42.78;981.47;403;0;0.0;254;268;1517981730
23.13;42.15;981.44;400;0;0.0;255;258;1517981760
23.14;41.28;981.44;408;1;0.0;256;262;1517981790
23.13;42.18;981.40;408;1;0.04;265;259;1517981820
23.14;43.97;981.44;400;0;0.05;255;260;1517981850
23.16;43.69;981.44;408;1;0.0;256;260;1517981880
23.15;41.47;981.38;408;1;0.02;255;256;1517981910
23.14;42.98;981.39;408;1;0.02;257;269;1517981940
23.14;41.58;981.47;400;0;0.0;252;263;1517981970
23.15;42.84;981.39;408;1;0.02;252;262;1517982000
23.15;42.55;981.42;405;0;0.05;251;275;1517982030
23.14;43.81;981.44;400;0;0.0;253;257;1517982060
23.15;43.60;981.50;400;0;0.02;253;254;1517982090
23.15;43.94;981.41;408;1;0.02;250;256;1517982120
23.14;42.10;981.43;405;0;0.02;255;247;1517982150
23.14;43.20;981.42;408;1;0.0;255;271;1517982180
23.12;42.74;981.40;407;1;0.0;253;248;1517982210
23.12;43.01;981.43;411;1;0.0;253;263;1517982240
23.12;43.08;981.38;411;1;0.02;253;261;1517982270
23.12;44.56;981.38;411;1;0.0;255;246;1517982300
23.13;43.25;981.42;407;1;0.0;252;249;1517982330
23.13;43.29;981.37;405;0;0.01;250;273;1517982360
23.12;43.06;981.38;400;0;0.0;255;268;1517982390
23.14;42.68;981.38;407;1;0.05;253;259;1517982420
23.15;43.03;981.36;405;0;0.04;254;249;1517982450
23.14;44.02;981.37;400;0;0.02;254;256;1517982480
23.16;43.72;981.46;410;1;0.0;255;252;1517982510
23.17;42.83;981.40;403;0;0.0;256;257;1517982540
23.15;44.59;981.36;408;1;0.0;255;261;1517982570
23.15;43.63;981.40;408;1;0.0;256;249;1517982600
23.15;44.13;981.39;408;1;0.01;252;266;1517982630
23.15;43.71;981.33;408;1;0.0;252;264;1517982660
23.14;44.87;981.40;400;0;0.0;256;273;1517982690
23.14;43.69;981.43;408;1;0.0;253;266;1517982720
23.15;43.79;981.34;410;1;0.0;254;259;1517982750
23.14;44.90;981.33;410;1;0.0;256;264;1517982780
23.13;43.17;981.35;408;1;0.0;253;258;1517982810
23.12;43.61;981.29;408;1;0.0;254;250;1517982840
23.13;42.86;981.30;408;1;0.03;255;278;1517982870
23.13;43.60;981.28;408;1;0.02;250;272;1517982900
23.14;44.12;981.34;408;1;0.02;255;270;1517982930
23.14;43.57;981.24;408;1;0.0;252;269;1517982960
23.13;42.62;981.30;403;0;0.02;254;258;1517982990
23.14;43.48;981.24;409;1;0.02;255;270;1517983020
23.14;43.75;981.25;409;1;0.0;254;254;1517983050
23.14;42.32;981.24;409;1;0.0;252;252;1517983080
23.13;42.36;981.19;409;1;0.0;254;267;1517983110
23.14;42.09;981.32;400;0;0.0;251;249;1517983140
23.14;42.11;981.26;409;1;0.0;254;258;1517983170
23.14;43.71;981.15;409;1;0.04;255;263;1517983200
23.15;43.51;981.22;400;0;0.0;255;264;1517983230
23.14;43.41;981.12;409;1;0.0;255;254;1517983260
23.15;45.20;981.10;409;1;0.0;252;259;1517983290
23.13;44.37;981.17;400;0;0.01;256;263;1517983320
23.15;43.46;981.16;409;1;0.01;253;261;1517983350
23.14;44.28;981.16;409;1;0.0;254;262;1517983380
23.12;43.38;981.24;413;1;0.0;256;261;1517983410
23.14;41.91;981.19;409;1;0.0;254;260;1517983440
23.12;43.47;981.13;400;0;0.0;255;262;1517983470
23.15;43.61;981.19;409;1;0.0;254;258;1517983500
23.13;42.58;981.18;403;0;0.02;253;254;1517983530
23.15;43.35;981.22;403;0;0.02;249;254;1517983560
23.14;43.36;981.19;403;0;0.0;252;261;1517983590
23.15;43.45;981.16;408;1;0.02;253;256;1517983620
23.13;43.37;981.08;400;0;0.04;253;266;1517983650
23.13;42.76;981.10;411;1;0.0;253;256;1517983680
23.14;43.80;981.07;408;1;0.03;252;263;1517983710
23.13;43.53;981.11;408;1;0.02;255;251;1517983740
23.13;43.69;981.03;403;0;0.0;253;270;1517983770
23.13;43.47;981.10;408;1;0.0;255;258;1517983800
23.12;42.84;981.12;408;1;0.0;255;263;1517983830
23.13;42.83;981.08;408;1;0.06;252;258;1517983860
23.13;43.42;981.10;403;0;0.0;254;260;1517983890
23.13;44.59;981.10;400;0;0.0;255;245;1517983920
23.15;44.88;981.16;414;2;0.01;255;249;1517983950
23.14;42.12;981.14;409;1;0.0;254;255;1517983980
23.15;44.20;981.08;400;0;0.0;254;260;1517984010
23.14;44.49;981.01;409;1;0.0;254;253;1517984040
23.15;44.04;981.11;409;1;0.03;256;258;1517984070
23.16;43.98;981.03;409;1;0.03;253;250;1517984100
23.17;43.74;981.07;406;0;0.0;253;249;1517984130
23.16;44.21;981.09;400;0;0.03;256;264;1517984160
23.14;44.49;981.15;409;1;0.01;249;259;1517984190
23.14;44.17;981.12;409;1;0.0;256;263;1517984220
23.14;43.20;981.07;409;1;0.0;255;268;1517984250
23.14;44.70;981.08;409;1;0.03;253;255;1517984280
23.14;43.60;981.07;403;0;0.03;251;252;1517984310
23.14;43.38;981.11;403;0;0.01;255;260;1517984340
23.15;43.91;981.13;410;1;0.0;249;260;1517984370
20.7;40.79;989.00;402;0;0.0;248;248;1517984400
20.7;40.42;988.95;407;1;0.0;256;249;1517984430
20.71;39.53;988.97;400;0;0.0;252;255;1517984460
20.73;39.63;989.00;407;1;0.02;255;277;1517984490
20.71;40.91;988.98;400;0;0.01;256;257;1517984520
20.73;39.70;988.92;400;0;0.0;259;254;1517984550
20.73;41.39;989.02;407;1;0.03;258;254;1517984580
20.73;41.24;989.04;407;1;0.05;259;262;1517984610
20.72;40.31;988.94;407;1;0.0;255;260;1517984640
20.74;42.36;988.87;407;1;0.05;256;251;1517984670
20.74;40.85;988.95;400;0;0.01;256;256;1517984700
20.74;40.66;989.00;402;0;0.01;253;261;1517984730
20.75;40.28;988.88;407;1;0.06;256;253;1517984760
20.74;41.81;989.00;407;1;0.0;254;258;1517984790
20.75;40.82;988.94;400;0;0.0;252;256;1517984820
20.74;40.14;989.04;409;1;0.06;255;262;1517984850
20.76;41.25;988.94;400;0;0.0;255;258;1517984880
20.75;40.00;988.97;411;1;0.0;254;243;1517984910
20.75;41.28;988.99;400;0;0.05;258;254;1517984940
20.75;40.67;989.01;400;0;0.03;253;270;1517984970
20.76;41.04;989.01;409;1;0.0;253;252;1517985000
20.73;42.38;989.05;402;0;0.04;254;258;1517985030
20.74;40.56;988.96;402;0;0.01;258;256;1517985060
20.76;40.90;989.02;402;0;0.0;253;261;1517985090
20.75;40.68;989.00;402;0;0.01;253;267;1517985120
20.77;38.95;989.06;400;0;0.0;257;268;1517985150
20.77;39.93;988.97;400;0;0.0;254;262;1517985180
20.79;39.85;989.09;406;0;0.0;252;257;1517985210
20.78;40.53;988.98;410;1;0.03;254;262;1517985240
20.77;40.22;988.92;408;1;0.04;253;251;1517985270
20.77;39.49;988.97;408;1;0.03;255;262;1517985300
20.78;40.44;988.89;408;1;0.0;255;248;1517985330
20.77;39.87;988.97;408;1;0.0;256;259;1517985360
20.77;40.82;988.97;408;1;0.02;251;261;1517985390
20.79;40.69;988.96;408;1;0.07;255;244;1517985420
20.77;40.55;988.97;405;0;0.02;251;270;1517985450
20.77;39.92;988.88;405;0;0.0;255;255;1517985480
20.77;40.60;988.92;405;0;0.0;256;245;1517985510
20.77;41.04;988.90;400;0;0.0;254;269;1517985540
20.78;40.68;988.86;405;0;0.0;257;256;1517985570
20.77;41.46;988.88;405;0;0.02;253;259;1517985600
20.77;39.44;988.89;400;0;0.04;255;253;1517985630
20.79;39.55;988.88;413;1;0.05;252;243;1517985660
20.79;42.37;988.86;413;1;0.02;253;274;1517985690
20.8;40.21;988.99;413;1;0.0;255;261;1517985720
20.8;38.94;988.91;400;0;0.0;252;257;1517985750
20.79;41.47;988.96;400;0;0.01;258;253;1517985780
20.8;40.57;988.93;400;0;0.0;254;258;1517985810
20.79;40.51;988.85;408;1;0.01;254;269;1517985840
20.79;39.94;988.89;405;0;0.03;254;272;1517985870
20.8;40.66;988.91;413;1;0.02;253;256;1517985900
20.8;40.79;988.90;408;1;0.02;257;261;1517985930
20.79;40.13;988.93;408;1;0.0;252;270;1517985960
20.76;39.74;988.97;400;0;0.0;250;254;1517985990
20.79;40.58;988.85;400;0;0.04;255;242;1517986020
20.8;40.63;988.85;408;1;0.0;254;248;1517986050
20.8;41.89;988.88;400;0;0.0;255;270;1517986080
20.8;40.11;988.84;408;1;0.0;254;257;1517986110
20.79;39.66;988.91;408;1;0.0;257;260;1517986140
20.8;40.14;988.85;400;0;0.05;252;268;1517986170
20.8;40.26;988.85;400;0;0.01;252;257;1517986200
20.81;40.66;988.92;409;1;0.0;256;260;1517986230
20.79;38.72;988.94;409;1;0.03;258;259;1517986260
20.81;41.35;988.88;409;1;0.0;255;254;1517986290
20.8;40.40;988.95;409;1;0.04;253;250;1517986320
20.82;38.64;988.91;409;1;0.05;254;260;1517986350
20.82;39.34;988.90;409;1;0.0;252;259;1517986380
20.82;40.43;988.88;400;0;0.0;253;248;1517986410
20.83;40.96;988.88;409;1;0.0;254;256;1517986440
20.83;40.55;988.95;411;1;0.01;252;247;1517986470
20.83;40.12;988.80;411;1;0.0;254;250;1517986500
20.85;40.78;988.86;411;1;0.0;251;264;1517986530
20.84;40.24;988.86;411;1;0.0;255;259;1517986560
20.83;40.73;988.86;411;1;0.0;253;260;1517986590
20.84;41.22;988.84;411;1;0.0;254;253;1517986620
20.85;40.34;988.78;411;1;0.0;254;260;1517986650
20.86;39.87;988.77;411;1;0.0;252;254;1517986680
20.85;40.76;988.82;400;0;0.0;253;262;1517986710
20.86;39.51;988.79;400;0;0.0;254;263;1517986740
20.85;40.97;988.82;407;1;0.01;251;252;1517986770
20.86;38.99;988.81;407;1;0.07;251;257;1517986800
20.85;41.80;988.85;402;0;0.0;257;262;1517986830
20.85;41.63;988.78;406;0;0.02;256;261;1517986860
20.84;38.94;988.79;406;0;0.01;254;253;1517986890
20.86;41.98;988.74;406;0;0.02;254;252;1517986920
20.87;39.70;988.70;406;0;0.02;260;257;1517986950
20.86;39.98;988.79;406;0;0.0;252;262;1517986980
20.85;40.89;988.74;406;0;0.03;254;266;1517987010
20.86;39.79;988.84;406;0;0.03;255;259;1517987040
20.85;40.92;988.75;406;0;0.05;254;259;1517987070
20.85;41.19;988.69;406;0;0.0;251;270;1517987100
20.86;40.23;988.75;406;0;0.0;251;263;1517987130
20.87;41.21;988.71;406;0;0.0;257;262;1517987160
20.87;40.00;988.79;406;0;0.03;254;257;1517987190
20.87;41.39;988.79;406;0;0.01;259;259;1517987220
20.86;42.07;988.71;403;0;0.01;251;257;1517987250
20.84;41.04;988.73;408;1;0.04;255;256;1517987280
20.86;41.15;988.80;408;1;0.01;256;263;1517987310
20.86;41.75;988.74;408;1;0.03;257;264;1517987340
20.87;41.26;988.79;408;1;0.0;258;263;1517987370
20.87;38.54;988.72;408;1;0.0;253;253;1517987400
20.87;40.88;988.71;408;1;0.02;248;246;1517987430
20.88;40.79;988.71;408;1;0.02;247;247;1517987460
20.87;40.00;988.75;413;1;0.04;250;250;1517987490
20.9;40.87;988.70;405;0;0.0;256;267;1517987520
20.87;40.44;988.82;413;1;0.0;254;257;1517987550
20.89;40.86;988.76;400;0;0.02;254;259;1517987580
20.88;41.51;988.79;413;1;0.06;251;250;1517987610
20.88;41.90;988.81;413;1;0.07;251;263;1517987640
20.88;40.95;988.79;413;1;0.04;256;252;1517987670
20.89;41.84;988.79;409;1;0.0;255;252;1517987700
20.9;41.11;988.84;409;1;0.0;255;262;1517987730
20.89;40.51;988.80;409;1;0.03;254;259;1517987760
20.9;40.66;988.87;409;1;0.0;255;262;1517987790
20.9;40.79;988.86;409;1;0.0;257;263;1517987820
20.89;40.08;988.86;409;1;0.0;260;258;1517987850
20.9;40.41;988.86;409;1;0.05;253;247;1517987880
20.9;40.22;988.83;409;1;0.0;253;269;1517987910
20.91;40.81;988.90;400;0;0.01;259;256;1517987940
20.9;40.88;988.85;409;1;0.01;254;260;1517987970
20.91;40.90;988.88;400;0;0.06;248;261;1517988000
20.91;41.64;988.88;405;0;0.03;253;256;1517988030
20.92;42.00;988.99;414;2;0.02;252;251;1517988060
20.91;40.82;988.91;405;0;0.0;253;261;1517988090
20.92;40.59;988.94;414;2;0.02;252;262;1517988120
20.92;42.14;988.97;414;2;0.07;257;264;1517988150
20.93;40.36;988.91;414;2;0.0;252;258;1517988180
20.92;40.54;988.97;400;0;0.0;251;264;1517988210
20.92;40.31;988.96;409;1;0.0;253;251;1517988240
20.93;42.99;989.01;409;1;0.0;257;269;1517988270
20.92;41.11;988.96;409;1;0.01;252;263;1517988300
20.92;41.46;988.89;409;1;0.04;257;255;1517988330
20.91;38.72;988.98;409;1;0.0;252;263;1517988360
20.92;41.76;989.01;409;1;0.09;258;262;1517988390
20.92;41.51;988.93;409;1;0.01;251;265;1517988420
20.91;42.90;988.92;409;1;0.0;255;267;1517988450
20.92;39.94;988.96;408;1;0.0;257;253;1517988480
20.92;40.19;989.00;408;1;0.0;253;270;1517988510
20.93;40.47;989.06;408;1;0.05;254;261;1517988540
20.91;40.95;988.92;413;1;0.01;257;257;1517988570
20.91;42.71;988.93;417;2;0.01;253;252;1517988600
20.93;40.64;988.92;425;3;0.02;256;249;1517988630
20.93;41.23;988.96;425;3;0.0;252;251;1517988660
20.93;41.21;988.93;417;2;0.0;253;264;1517988690
20.94;40.87;988.95;425;3;0.0;255;256;1517988720
20.94;40.92;988.93;425;3;0.0;253;253;1517988750
20.93;40.63;988.90;425;3;0.05;257;261;1517988780
20.94;41.21;988.89;421;3;0.0;257;250;1517988810
20.93;39.78;988.92;421;3;0.0;254;257;1517988840
20.93;40.64;988.92;413;1;0.0;254;249;1517988870
20.94;40.08;988.93;421;3;0.0;257;260;1517988900
20.95;39.99;988.93;421;3;0.02;256;252;1517988930
20.94;40.80;988.89;421;3;0.0;257;263;1517988960
20.95;40.57;988.91;421;3;0.0;254;254;1517988990
20.94;40.65;988.91;421;3;0.03;254;250;1517989020
20.94;39.76;988.95;413;1;0.01;255;262;1517989050
20.93;40.90;988.96;421;3;0.02;253;267;1517989080
20.93;40.96;988.92;421;3;0.03;253;265;1517989110
20.93;38.80;988.98;421;3;0.0;256;255;1517989140
20.93;41.36;988.94;417;2;0.01;253;256;1517989170
20.93;41.68;989.00;421;3;0.04;256;249;1517989200
20.94;41.48;989.01;421;3;0.0;255;249;1517989230
20.93;41.34;988.91;421;3;0.0;256;262;1517989260
20.92;41.83;988.90;421;3;0.0;257;261;1517989290
20.92;41.90;988.89;417;2;0.01;257;254;1517989320
20.92;41.86;989.01;421;3;0.0;256;245;1517989350
20.92;41.27;988.99;413;1;0.02;253;257;1517989380
20.92;41.46;989.14;421;3;0.0;252;257;1517989410
20.94;40.66;988.95;421;3;0.01;252;256;1517989440
20.93;41.77;989.04;413;1;0.01;253;254;1517989470
20.93;40.58;988.95;413;1;0.0;257;257;1517989500
20.93;41.70;988.97;421;3;0.0;256;243;1517989530
20.93;41.55;988.95;421;3;0.02;254;272;1517989560
20.94;41.06;988.96;413;1;0.03;254;257;1517989590
20.94;40.81;988.96;421;3;0.02;250;253;1517989620
20.94;41.39;988.88;408;1;0.01;256;262;1517989650
20.94;41.39;988.96;421;3;0.0;253;256;1517989680
20.94;41.39;988.90;417;2;0.0;256;258;1517989710
20.93;41.06;988.94;421;3;0.0;259;267;1517989740
20.93;42.31;988.91;421;3;0.0;255;261;1517989770
20.94;41.57;988.97;421;3;0.03;255;247;1517989800
20.95;42.28;988.97;421;3;0.01;257;270;1517989830
20.95;40.91;988.95;421;3;0.05;255;245;1517989860
20.95;41.34;988.95;413;1;0.01;250;257;1517989890
20.95;41.15;988.91;427;4;0.0;256;262;1517989920
20.96;41.21;988.91;438;5;0.02;251;259;1517989950
20.96;42.18;988.99;438;5;0.02;250;268;1517989980
20.96;41.38;989.01;427;4;0.01;251;255;1517990010
20.96;40.80;988.91;438;5;0.05;254;269;1517990040
20.96;41.52;988.96;427;4;0.02;253;259;1517990070
20.97;41.37;988.99;438;5;0.05;256;274;1517990100
20.97;41.20;988.99;438;5;0.0;255;247;1517990130
20.95;40.47;989.07;438;5;0.0;257;265;1517990160
20.95;41.15;988.98;438;5;0.03;260;262;1517990190
20.95;41.16;989.02;438;5;0.0;254;254;1517990220
20.96;40.59;988.94;438;5;0.0;253;250;1517990250
20.96;40.56;989.04;438;5;0.0;253;256;1517990280
20.98;40.14;989.05;443;6;0.0;258;261;1517990310
20.99;40.05;988.98;433;5;0.0;253;265;1517990340
20.99;40.48;988.98;433;5;0.0;254;260;1517990370
20.99;41.11;989.05;443;6;0.02;255;256;1517990400
21.0;40.26;989.00;438;5;0.02;253;244;1517990430
20.98;41.82;989.00;438;5;0.02;257;254;1517990460
20.98;41.60;989.07;443;6;0.0;253;247;1517990490
20.97;40.19;989.01;433;5;0.01;254;253;1517990520
20.98;40.52;988.99;443;6;0.02;258;261;1517990550
20.99;40.03;989.00;433;5;0.0;254;258;1517990580
20.99;41.55;988.98;433;5;0.0;252;257;1517990610
20.98;41.19;989.07;443;6;0.01;251;259;1517990640
20.98;42.02;989.00;438;5;0.0;254;261;1517990670
20.98;41.17;988.99;438;5;0.07;250;261;1517990700
20.97;41.06;989.02;438;5;0.0;252;249;1517990730
20.99;41.38;988.98;433;5;0.0;257;269;1517990760
20.99;41.64;989.00;443;6;0.04;256;253;1517990790
20.99;42.66;988.96;443;6;0.0;255;253;1517990820
20.99;39.97;988.98;438;5;0.02;254;266;1517990850
20.98;41.10;988.97;438;5;0.02;252;256;1517990880
21.0;40.77;988.97;438;5;0.0;257;260;1517990910
20.99;40.18;988.98;443;6;0.0;253;251;1517990940
20.99;41.69;988.92;443;6;0.0;253;254;1517990970
20.99;40.92;988.96;433;5;0.0;255;254;1517991000
20.99;42.06;989.00;443;6;0.01;256;259;1517991030
21.0;41.28;988.97;443;6;0.02;256;272;1517991060
21.0;40.90;988.98;445;6;0.0;256;248;1517991090
21.01;40.91;989.01;445;6;0.0;254;253;1517991120
21.01;40.21;988.97;445;6;0.0;254;257;1517991150
21.0;41.02;989.00;445;6;0.04;253;259;1517991180
20.98;40.79;988.94;445;6;0.0;254;264;1517991210
20.99;40.63;988.97;445;6;0.04;251;250;1517991240
20.99;43.41;989.00;438;5;0.03;254;265;1517991270
21.01;39.17;988.94;438;5;0.0;252;263;1517991300
21.0;41.38;988.92;445;6;0.0;255;265;1517991330
21.0;39.82;989.04;452;7;0.01;254;251;1517991360
21.0;41.45;989.00;452;7;0.0;249;254;1517991390
21.01;40.22;988.97;445;6;0.0;255;256;1517991420
21.02;41.27;988.99;445;6;0.01;255;281;1517991450
20.98;40.12;988.95;445;6;0.03;254;253;1517991480
21.0;41.48;988.95;445;6;0.01;250;265;1517991510
21.0;40.96;989.01;445;6;0.0;254;260;1517991540
21.0;40.83;988.97;464;9;0.0;254;254;1517991570
21.0;42.29;988.96;475;11;0.0;253;255;1517991600
20.99;40.86;988.96;477;11;0.0;252;256;1517991630
21.01;41.67;989.04;487;13;0.0;254;271;1517991660
21.02;40.98;988.96;487;13;0.02;254;247;1517991690
21.02;39.69;989.01;477;11;0.02;254;251;1517991720
21.01;40.55;989.01;460;9;0.02;253;245;1517991750
21.0;41.24;988.97;477;11;0.03;251;256;1517991780
21.01;39.99;989.03;475;11;0.0;255;265;1517991810
21.0;40.65;988.98;477;11;0.0;253;271;1517991840
21.0;40.77;989.00;477;11;0.0;253;264;1517991870
21.0;40.87;989.04;464;9;0.02;256;245;1517991900
21.01;40.09;988.99;475;11;0.0;252;263;1517991930
21.01;42.10;988.90;477;11;0.0;255;270;1517991960
21.01;41.35;988.91;475;11;0.03;256;264;1517991990
21.01;40.76;988.93;475;11;0.0;252;265;1517992020
21.0;40.88;988.97;475;11;0.0;255;255;1517992050
21.0;41.33;988.93;475;11;0.0;255;258;1517992080
21.01;42.19;989.03;464;9;0.02;255;248;1517992110
21.01;41.28;988.97;457;8;0.03;256;255;1517992140
21.0;40.16;989.06;457;8;0.0;251;258;1517992170
21.01;40.09;989.00;464;9;0.02;254;252;1517992200
21.0;40.90;989.05;457;8;0.02;254;260;1517992230
21.01;40.89;988.95;457;8;0.01;256;262;1517992260
21.01;41.02;989.03;460;9;0.03;253;270;1517992290
21.02;41.54;988.98;460;9;0.0;256;271;1517992320
21.02;40.86;988.95;457;8;0.04;256;256;1517992350
21.02;42.37;989.07;460;9;0.02;255;266;1517992380
21.04;40.79;988.94;460;9;0.0;252;259;1517992410
21.02;41.13;988.99;452;7;0.01;255;256;1517992440
21.02;40.94;988.99;460;9;0.03;253;263;1517992470
21.01;41.65;989.01;457;8;0.0;254;257;1517992500
21.03;42.43;988.90;457;8;0.0;256;257;1517992530
21.02;41.47;988.95;457;8;0.0;253;263;1517992560
21.02;41.63;988.96;445;6;0.01;254;253;1517992590
21.01;39.99;989.03;443;6;0.06;254;255;1517992620
21.02;39.96;989.03;452;7;0.06;251;259;1517992650
21.01;39.88;988.95;452;7;0.02;255;265;1517992680
21.02;41.21;988.95;445;6;0.0;253;259;1517992710
21.02;39.99;989.00;443;6;0.02;254;263;1517992740
21.02;41.27;988.97;443;6;0.02;254;268;1517992770
21.03;40.23;988.99;443;6;0.02;251;252;1517992800
21.03;40.82;988.93;443;6;0.0;253;255;1517992830
21.04;41.40;989.02;443;6;0.02;254;254;1517992860
21.04;40.41;989.02;452;7;0.0;256;263;1517992890
21.03;40.12;989.02;438;5;0.05;257;252;1517992920
21.02;42.14;988.96;438;5;0.01;253;251;1517992950
21.03;40.18;988.93;443;6;0.05;254;259;1517992980
21.04;40.92;988.93;443;6;0.0;254;257;1517993010
21.05;40.69;989.01;438;5;0.0;256;254;1517993040
21.04;41.03;989.01;445;6;0.03;255;257;1517993070
21.02;39.63;989.01;445;6;0.0;255;262;1517993100
21.03;39.85;989.10;445;6;0.0;251;277;1517993130
21.02;39.21;988.99;445;6;0.0;256;267;1517993160
21.04;40.59;989.01;445;6;0.0;253;255;1517993190
21.05;40.89;989.03;443;6;0.07;256;274;1517993220
21.04;41.76;989.01;443;6;0.01;257;261;1517993250
21.05;39.49;989.05;443;6;0.04;253;260;1517993280
21.04;41.59;989.03;443;6;0.0;254;260;1517993310
21.04;41.76;989.02;443;6;0.04;253;254;1517993340
21.05;41.14;988.97;443;6;0.0;253;251;1517993370
21.04;40.80;989.08;438;5;0.0;253;269;1517993400
21.05;41.73;989.00;427;4;0.0;257;265;1517993430
21.04;39.92;989.03;438;5;0.0;253;246;1517993460
21.04;41.48;989.04;443;6;0.03;255;253;1517993490
21.06;41.25;989.09;443;6;0.0;257;249;1517993520
21.05;39.78;989.04;438;5;0.0;253;248;1517993550
21.06;40.57;988.98;443;6;0.0;254;251;1517993580
21.04;42.27;989.03;427;4;0.02;258;260;1517993610
21.05;40.38;988.98;438;5;0.05;256;258;1517993640
21.07;41.60;989.04;438;5;0.0;253;249;1517993670
21.06;40.76;989.02;438;5;0.01;253;250;1517993700
21.06;40.36;988.98;438;5;0.0;257;254;1517993730
21.07;40.81;988.93;438;5;0.0;253;254;1517993760
21.06;42.87;988.97;443;6;0.03;255;258;1517993790
21.06;41.23;989.02;438;5;0.03;250;243;1517993820
21.07;40.99;988.98;438;5;0.02;254;254;1517993850
21.05;40.93;988.99;427;4;0.02;255;263;1517993880
21.06;41.11;989.06;427;4;0.0;255;268;1517993910
21.05;42.34;989.04;438;5;0.02;253;270;1517993940
21.04;40.94;988.94;427;4;0.0;252;253;1517993970
21.03;41.00;989.05;427;4;0.02;254;249;1517994000
21.05;39.97;988.99;438;5;0.03;253;256;1517994030
21.07;41.49;989.04;433;5;0.0;255;264;1517994060
21.09;41.51;989.12;433;5;0.0;251;251;1517994090
21.05;41.34;988.99;433;5;0.05;255;255;1517994120
21.06;41.40;989.01;433;5;0.0;255;259;1517994150
21.06;40.73;989.04;427;4;0.03;255;257;1517994180
21.07;40.88;989.09;438;5;0.0;256;263;1517994210
21.04;41.39;989.11;438;5;0.0;256;256;1517994240
21.06;41.79;989.06;438;5;0.03;257;249;1517994270
21.07;40.90;989.09;438;5;0.0;250;269;1517994300
21.06;41.98;989.03;438;5;0.01;258;253;1517994330
21.07;39.92;989.04;438;5;0.02;256;264;1517994360
21.07;41.37;989.05;438;5;0.01;257;253;1517994390
21.06;40.95;989.12;438;5;0.03;252;256;1517994420
21.07;40.44;989.12;438;5;0.0;255;249;1517994450
21.06;41.75;989.06;427;4;0.0;253;265;1517994480
21.07;40.84;989.04;427;4;0.0;252;262;1517994510
21.06;41.04;989.13;438;5;0.01;255;257;1517994540
21.07;40.94;989.11;422;3;0.01;255;261;1517994570
21.06;41.46;989.07;438;5;0.01;252;257;1517994600
21.06;39.93;989.05;427;4;0.0;253;259;1517994630
21.06;40.49;989.03;438;5;0.0;255;256;1517994660
21.07;40.88;989.16;438;5;0.03;254;250;1517994690
21.06;40.87;989.12;438;5;0.0;256;250;1517994720
21.05;40.94;989.09;427;4;0.0;255;258;1517994750
21.07;41.44;989.07;438;5;0.01;248;264;1517994780
21.08;41.42;989.01;438;5;0.02;254;254;1517994810
21.08;39.80;989.11;427;4;0.0;250;260;1517994840
21.09;41.59;989.05;433;5;0.03;253;275;1517994870
21.08;41.51;989.10;433;5;0.0;256;259;1517994900
21.07;42.87;989.10;433;5;0.0;255;259;1517994930
21.08;40.99;989.08;433;5;0.0;255;257;1517994960
21.07;40.86;989.11;433;5;0.01;251;253;1517994990
21.09;39.69;989.14;433;5;0.0;254;253;1517995020
21.09;40.94;989.11;433;5;0.04;256;249;1517995050
21.08;40.87;989.09;433;5;0.02;254;264;1517995080
21.08;40.96;989.05;433;5;0.0;256;253;1517995110
21.07;40.73;989.16;433;5;0.03;258;266;1517995140
21.08;41.58;989.09;433;5;0.01;254;260;1517995170
21.09;40.71;989.12;433;5;0.0;252;260;1517995200
21.11;41.37;989.16;433;5;0.01;255;256;1517995230
21.13;40.94;989.11;433;5;0.0;256;260;1517995260
21.17;41.14;989.15;433;5;0.02;254;258;1517995290
21.18;40.60;989.12;422;3;0.01;252;259;1517995320
21.18;40.52;989.14;433;5;0.0;251;265;1517995350
21.18;42.63;989.17;422;3;0.07;250;265;1517995380
21.2;43.54;989.16;433;5;0.0;252;267;1517995410
21.22;43.45;989.16;433;5;0.0;251;255;1517995440
21.23;43.94;989.18;433;5;0.0;253;252;1517995470
21.23;44.25;989.19;433;5;0.0;250;257;1517995500
21.25;44.84;989.18;427;4;0.05;256;252;1517995530
21.26;43.60;989.08;427;4;0.0;253;255;1517995560
21.26;45.18;989.13;422;3;0.0;258;266;1517995590
21.27;44.50;989.10;427;4;0.0;257;273;1517995620
21.27;45.66;989.20;427;4;0.01;255;256;1517995650
21.28;44.43;989.13;427;4;0.01;252;255;1517995680
21.29;44.78;989.14;427;4;0.0;256;248;1517995710
21.3;44.85;989.07;427;4;0.0;255;252;1517995740
21.29;44.88;989.19;418;2;0.04;251;256;1517995770
21.3;43.93;989.13;427;4;0.0;252;260;1517995800
21.27;44.85;989.12;418;2;0.04;254;273;1517995830
21.26;45.17;989.18;422;3;0.02;255;259;1517995860
21.27;43.88;989.12;422;3;0.03;256;251;1517995890
21.24;44.74;989.10;422;3;0.02;250;256;1517995920
21.25;45.24;989.17;422;3;0.0;257;245;1517995950
21.26;44.29;989.07;414;2;0.03;257;256;1517995980
21.24;44.06;989.11;422;3;0.05;252;257;1517996010
21.25;43.02;989.20;422;3;0.05;255;254;1517996040
21.26;44.56;989.17;422;3;0.0;254;267;1517996070
21.25;44.59;989.14;422;3;0.02;252;253;1517996100
21.24;44.55;989.14;418;2;0.0;253;259;1517996130
21.24;43.97;989.12;422;3;0.0;256;254;1517996160
21.25;43.41;989.13;418;2;0.05;256;253;1517996190
21.26;44.20;989.08;422;3;0.0;257;258;1517996220
21.25;44.14;989.20;422;3;0.0;256;255;1517996250
21.25;44.22;989.15;418;2;0.03;255;254;1517996280
21.24;44.65;989.20;418;2;0.04;255;246;1517996310
21.25;42.80;989.13;418;2;0.03;253;255;1517996340
21.25;43.99;989.10;410;1;0.01;256;262;1517996370
21.24;44.54;989.09;410;1;0.02;254;264;1517996400
21.23;43.82;989.12;418;2;0.03;253;262;1517996430
21.24;44.18;989.11;414;2;0.01;257;265;1517996460
21.24;43.35;989.11;410;1;0.0;253;253;1517996490
21.25;44.11;989.03;418;2;0.0;257;259;1517996520
21.25;43.47;989.06;418;2;0.03;253;258;1517996550
21.25;43.24;989.11;418;2;0.02;255;250;1517996580
21.26;42.93;989.15;414;2;0.04;254;248;1517996610
21.26;43.24;989.11;410;1;0.05;255;258;1517996640
21.26;43.03;989.15;418;2;0.02;256;257;1517996670
21.26;43.25;989.11;414;2;0.0;254;272;1517996700
21.27;43.00;989.14;418;2;0.03;256;252;1517996730
21.24;43.72;989.13;414;2;0.04;255;269;1517996760
21.26;43.42;989.05;418;2;0.01;255;264;1517996790
21.26;43.62;989.01;418;2;0.01;254;262;1517996820
21.25;45.04;989.15;410;1;0.04;256;256;1517996850
21.26;43.66;989.11;418;2;0.02;256;242;1517996880
21.27;43.21;989.13;422;3;0.06;254;269;1517996910
21.28;42.57;989.10;427;4;0.05;256;252;1517996940
21.28;43.01;989.10;433;5;0.05;251;270;1517996970
21.27;43.95;989.09;433;5;0.0;254;254;1517997000
21.26;43.82;989.04;438;5;0.02;255;264;1517997030
21.26;43.71;989.09;438;5;0.01;256;256;1517997060
21.27;43.14;989.11;445;6;0.0;257;261;1517997090
21.27;43.62;989.16;460;9;0.0;255;257;1517997120
21.28;43.81;989.22;475;11;0.02;259;256;1517997150
21.27;43.40;989.12;482;12;0.06;253;267;1517997180
21.27;42.23;989.21;487;13;0.04;253;255;1517997210
21.28;43.04;989.14;496;14;0.0;255;259;1517997240
21.27;41.27;989.22;498;14;0.0;255;263;1517997270
21.28;44.42;989.17;498;14;0.0;253;260;1517997300
21.27;42.42;989.26;503;15;0.0;253;258;1517997330
21.28;42.31;989.18;503;15;0.01;255;262;1517997360
21.27;43.39;989.20;496;14;0.01;255;260;1517997390
21.27;42.24;989.23;503;15;0.02;256;265;1517997420
21.26;42.82;989.25;503;15;0.01;253;267;1517997450
21.27;42.36;989.20;514;17;0.01;252;251;1517997480
21.27;42.58;989.23;498;14;0.0;258;255;1517997510
21.27;42.08;989.24;503;15;0.0;253;253;1517997540
21.27;42.21;989.27;503;15;0.0;255;237;1517997570
21.26;42.64;989.21;503;15;0.01;256;260;1517997600
21.27;42.42;989.20;514;17;0.0;254;268;1517997630
21.27;42.89;989.21;514;17;0.0;254;251;1517997660
21.28;42.84;989.16;526;19;0.0;251;261;1517997690
21.28;43.43;989.19;543;21;0.0;255;264;1517997720
21.29;42.10;989.20;555;23;0.0;254;257;1517997750
21.29;42.28;989.24;555;23;0.06;252;270;1517997780
21.29;42.95;989.22;561;24;0.0;256;271;1517997810
21.28;42.51;989.24;575;26;0.05;254;264;1517997840
21.29;43.08;989.18;581;27;0.0;252;258;1517997870
21.3;42.43;989.23;581;27;0.0;255;247;1517997900
21.28;41.59;989.25;561;24;0.04;256;261;1517997930
21.26;42.71;989.25;569;25;0.02;253;262;1517997960
21.28;42.26;989.22;575;26;0.04;255;252;1517997990
21.28;41.97;989.20;575;26;0.0;246;250;1517998020
21.28;42.81;989.24;561;24;0.0;255;266;1517998050
21.29;42.43;989.23;575;26;0.03;256;260;1517998080
21.28;42.41;989.18;575;26;0.0;256;270;1517998110
21.27;42.28;989.17;569;25;0.0;255;244;1517998140
21.28;44.20;989.19;555;23;0.0;253;260;1517998170
21.29;42.39;989.17;555;23;0.0;253;257;1517998200
21.28;40.13;989.14;543;21;0.0;256;265;1517998230
21.29;42.73;989.21;531;19;0.0;254;264;1517998260
21.29;43.06;989.09;531;19;0.0;256;255;1517998290
21.3;41.46;989.17;526;19;0.0;253;258;1517998320
21.28;42.69;989.18;531;19;0.0;254;250;1517998350
21.27;42.35;989.14;543;21;0.0;252;274;1517998380
21.28;43.51;989.14;536;20;0.0;256;254;1517998410
21.29;42.04;989.09;536;20;0.0;257;254;1517998440
21.29;42.54;989.11;536;20;0.02;257;258;1517998470
21.28;42.26;989.18;519;18;0.0;254;257;1517998500
21.27;42.12;989.15;519;18;0.03;252;262;1517998530
21.28;42.18;989.07;531;19;0.0;250;260;1517998560
21.27;43.28;989.19;531;19;0.05;259;263;1517998590
21.28;43.06;989.14;519;18;0.0;252;255;1517998620
21.27;42.71;989.15;526;19;0.02;253;258;1517998650
21.26;42.48;989.22;519;18;0.0;255;271;1517998680
21.27;42.44;989.19;519;18;0.02;256;250;1517998710
21.27;41.91;989.17;514;17;0.06;252;264;1517998740
21.28;43.77;989.10;519;18;0.03;255;259;1517998770
21.29;40.39;989.11;519;18;0.0;255;254;1517998800
21.29;42.66;989.19;514;17;0.0;254;267;1517998830
21.29;42.22;989.14;503;15;0.0;258;264;1517998860
21.3;41.63;989.18;503;15;0.0;255;259;1517998890
21.29;43.38;989.09;503;15;0.0;254;262;1517998920
21.29;41.41;989.09;503;15;0.0;254;245;1517998950
21.28;41.61;989.18;498;14;0.0;253;258;1517998980
21.28;42.53;989.17;496;14;0.03;256;261;1517999010
21.28;41.48;989.10;498;14;0.05;254;259;1517999040
21.27;42.41;989.03;498;14;0.0;255;261;1517999070
21.28;43.87;989.11;498;14;0.0;253;264;1517999100
21.26;43.44;989.10;487;13;0.02;258;260;1517999130
21.26;42.07;989.02;496;14;0.02;252;255;1517999160
21.26;43.05;989.03;496;14;0.0;258;255;1517999190
21.27;41.02;989.02;496;14;0.02;257;262;1517999220
21.26;41.78;989.03;487;13;0.03;255;262;1517999250
21.25;41.66;988.99;487;13;0.0;255;264;1517999280
21.25;41.86;989.01;487;13;0.0;257;263;1517999310
21.26;42.80;989.03;487;13;0.06;259;255;1517999340
21.27;42.36;988.98;477;11;0.0;256;254;1517999370
21.27;41.85;989.01;482;12;0.0;252;255;1517999400
21.28;41.64;989.04;477;11;0.0;256;255;1517999430
21.27;41.94;989.06;482;12;0.01;252;266;1517999460
21.28;41.57;989.11;482;12;0.01;254;258;1517999490
21.29;42.11;989.10;482;12;0.0;253;263;1517999520
21.27;43.33;989.12;477;11;0.07;255;270;1517999550
21.29;42.17;989.16;464;9;0.0;250;247;1517999580
21.26;42.89;989.17;477;11;0.06;252;261;1517999610
21.26;41.58;989.10;464;9;0.0;255;257;1517999640
21.27;42.72;989.10;475;11;0.0;251;253;1517999670
21.26;41.14;989.17;475;11;0.01;255;262;1517999700
21.26;41.68;989.09;475;11;0.02;256;248;1517999730
21.27;41.94;989.07;475;11;0.0;253;252;1517999760
21.26;42.64;989.07;475;11;0.02;252;264;1517999790
21.27;41.70;989.04;460;9;0.0;252;262;1517999820
21.26;42.28;989.09;457;8;0.04;255;248;1517999850
21.25;42.52;989.10;464;9;0.04;253;258;1517999880
21.26;40.18;989.08;464;9;0.01;261;245;1517999910
21.26;41.85;989.08;457;8;0.0;253;262;1517999940
21.27;42.51;989.13;457;8;0.01;254;264;1517999970
21.25;41.21;988.97;452;7;0.0;256;262;1518000000
21.24;40.58;989.13;457;8;0.0;250;256;1518000030
21.25;41.95;989.02;452;7;0.0;254;261;1518000060
21.26;42.38;989.05;457;8;0.0;256;254;1518000090
21.26;41.70;989.00;457;8;0.02;255;266;1518000120
21.26;43.31;989.03;445;6;0.02;255;252;1518000150
21.24;41.22;989.02;457;8;0.0;257;260;1518000180
21.27;43.82;988.98;457;8;0.02;252;252;1518000210
21.28;41.91;989.06;452;7;0.05;254;256;1518000240
21.27;41.74;989.07;457;8;0.01;255;255;1518000270
21.26;41.90;989.01;452;7;0.0;258;250;1518000300
21.27;41.83;989.02;452;7;0.05;256;258;1518000330
21.27;42.79;989.07;443;6;0.05;256;259;1518000360
21.26;42.57;989.01;452;7;0.0;257;257;1518000390
21.26;41.19;989.01;445;6;0.05;255;246;1518000420
21.28;41.40;989.01;445;6;0.0;255;260;1518000450
21.26;44.59;989.05;445;6;0.0;257;254;1518000480
21.27;41.86;988.97;443;6;0.06;254;261;1518000510
21.26;41.28;989.01;443;6;0.06;251;249;1518000540
21.27;41.48;989.06;433;5;0.0;256;250;1518000570
21.26;41.84;989.07;438;5;0.0;253;249;1518000600
21.27;41.32;989.01;427;4;0.02;251;246;1518000630
21.27;41.96;989.03;438;5;0.03;254;256;1518000660
21.26;40.36;989.04;427;4;0.0;255;269;1518000690
21.27;41.78;989.03;438;5;0.02;255;256;1518000720
21.27;39.88;989.09;422;3;0.03;256;252;1518000750
21.26;42.39;989.02;433;5;0.0;255;245;1518000780
21.25;41.40;989.04;433;5;0.0;254;251;1518000810
21.26;41.90;989.04;427;4;0.0;250;253;1518000840
21.25;41.92;989.04;433;5;0.0;253;264;1518000870
21.28;41.42;988.98;433;5;0.0;255;253;1518000900
21.27;42.74;989.11;433;5;0.0;257;254;1518000930
21.25;42.32;989.08;427;4;0.0;251;251;1518000960
21.24;42.21;989.10;418;2;0.0;255;260;1518000990
21.28;41.71;989.09;427;4;0.05;253;258;1518001020
21.28;41.34;989.11;422;3;0.0;255;254;1518001050
21.27;40.57;989.05;414;2;0.0;255;260;1518001080
21.26;41.04;989.04;422;3;0.0;253;265;1518001110
21.26;40.66;989.10;422;3;0.05;255;261;1518001140
21.26;40.41;989.07;422;3;0.02;256;253;1518001170
21.27;41.46;989.08;418;2;0.03;255;251;1518001200
21.28;41.30;989.05;418;2;0.02;256;257;1518001230
21.28;41.35;989.05;418;2;0.0;257;260;1518001260
21.27;42.14;989.01;414;2;0.01;257;253;1518001290
21.26;42.86;989.03;414;2;0.0;258;254;1518001320
21.27;42.15;989.04;414;2;0.06;255;257;1518001350
21.28;41.99;989.08;414;2;0.03;257;253;1518001380
21.27;41.76;989.03;405;0;0.0;259;254;1518001410
21.29;42.75;989.13;414;2;0.03;256;258;1518001440
21.28;39.10;989.08;405;0;0.0;255;263;1518001470
21.29;41.66;989.04;414;2;0.0;251;263;1518001500
21.28;42.29;989.00;400;0;0.0;253;252;1518001530
21.29;41.18;989.05;414;2;0.05;251;259;1518001560
21.27;42.96;989.01;410;1;0.01;252;252;1518001590
21.27;41.19;989.01;410;1;0.05;253;264;1518001620
21.27;42.12;988.99;410;1;0.0;258;255;1518001650
21.28;40.98;989.04;405;0;0.0;256;242;1518001680
21.27;42.44;989.05;408;1;0.0;256;241;1518001710
21.28;41.76;989.04;400;0;0.03;254;245;1518001740
21.28;40.62;989.10;400;0;0.0;257;266;1518001770
21.27;42.51;989.09;400;0;0.0;255;261;1518001800
21.26;42.16;989.03;408;1;0.01;256;263;1518001830
21.26;41.67;989.04;408;1;0.01;253;249;1518001860
21.27;41.58;989.07;413;1;0.0;256;253;1518001890
21.26;40.84;989.08;400;0;0.0;253;257;1518001920
21.27;40.61;989.11;400;0;0.02;254;269;1518001950
21.25;41.62;988.97;409;1;0.03;257;254;1518001980
21.26;42.85;989.02;400;0;0.01;256;264;1518002010
21.27;42.94;989.08;405;0;0.03;254;257;1518002040
21.27;42.42;989.06;409;1;0.01;252;249;1518002070
21.27;41.76;989.06;405;0;0.0;257;263;1518002100
21.27;41.49;989.07;405;0;0.01;257;266;1518002130
21.27;42.17;989.01;414;2;0.03;257;267;1518002160
21.26;40.41;989.01;409;1;0.0;254;259;1518002190
21.26;40.62;989.04;409;1;0.02;255;261;1518002220
21.26;42.23;989.01;405;0;0.0;253;248;1518002250
21.26;39.87;989.00;400;0;0.03;254;259;1518002280
21.26;41.11;989.02;409;1;0.02;255;262;1518002310
21.25;43.55;989.00;411;1;0.0;256;250;1518002340
21.24;41.94;988.99;400;0;0.05;250;241;1518002370
21.24;42.09;989.02;407;1;0.03;252;254;1518002400
21.26;43.11;989.01;407;1;0.0;253;258;1518002430
21.25;39.94;989.03;400;0;0.03;251;263;1518002460
21.25;41.69;989.01;407;1;0.0;249;251;1518002490
21.24;42.08;988.90;400;0;0.03;253;246;1518002520
21.25;43.00;989.03;407;1;0.01;253;251;1518002550
21.25;42.10;989.01;400;0;0.06;255;260;1518002580
21.26;41.71;988.95;400;0;0.02;255;245;1518002610
21.25;42.27;989.04;402;0;0.0;252;255;1518002640
21.24;41.78;989.01;402;0;0.01;255;253;1518002670
21.27;41.38;988.92;400;0;0.0;254;254;1518002700
21.25;42.10;989.02;400;0;0.05;253;253;1518002730
21.24;40.38;989.05;400;0;0.0;252;267;1518002760
21.23;43.41;989.06;409;1;0.03;256;261;1518002790
21.23;43.11;989.01;400;0;0.0;255;262;1518002820
21.22;42.65;988.99;402;0;0.03;255;256;1518002850
21.23;41.06;989.02;409;1;0.04;256;258;1518002880
21.23;41.72;988.95;400;0;0.0;253;256;1518002910
21.24;42.18;988.92;414;2;0.0;252;249;1518002940
21.23;43.41;988.93;414;2;0.0;253;258;1518002970
21.23;44.01;988.99;405;0;0.08;251;266;1518003000
21.23;44.85;988.97;414;2;0.03;254;268;1518003030
21.21;42.61;988.94;414;2;0.02;250;252;1518003060
21.23;42.00;988.91;407;1;0.0;254;250;1518003090
21.22;43.20;988.98;407;1;0.04;253;247;1518003120
21.23;42.34;988.90;407;1;0.0;253;249;1518003150
21.22;41.77;988.89;407;1;0.03;250;251;1518003180
21.22;41.55;988.88;407;1;0.0;256;250;1518003210
21.22;41.09;988.90;400;0;0.0;256;270;1518003240
21.21;43.05;988.93;408;1;0.0;252;259;1518003270
21.2;41.36;988.90;408;1;0.0;250;251;1518003300
21.2;44.16;988.84;408;1;0.05;255;268;1518003330
21.21;42.05;988.89;408;1;0.01;255;246;1518003360
21.2;41.53;988.86;403;0;0.02;251;253;1518003390
21.19;42.43;988.86;403;0;0.0;253;267;1518003420
21.19;39.85;988.84;408;1;0.0;250;260;1518003450
21.2;41.97;988.80;400;0;0.0;253;257;1518003480
21.2;41.50;988.84;400;0;0.0;254;262;1518003510
21.2;41.71;988.81;408;1;0.0;256;264;1518003540
21.2;41.94;988.75;408;1;0.01;249;266;1518003570
21.2;43.04;988.85;408;1;0.04;256;255;1518003600
21.2;41.09;988.90;400;0;0.0;251;257;1518003630
21.19;41.95;988.85;405;0;0.05;252;249;1518003660
21.19;41.26;988.75;408;1;0.01;252;267;1518003690
21.19;42.27;988.81;408;1;0.02;248;263;1518003720
21.19;40.29;988.85;408;1;0.0;253;260;1518003750
21.18;42.95;988.88;400;0;0.0;251;259;1518003780
21.18;41.87;988.80;408;1;0.0;256;264;1518003810
21.17;41.00;988.85;403;0;0.0;256;256;1518003840
21.16;41.57;988.80;400;0;0.0;253;266;1518003870
21.17;42.08;988.87;408;1;0.0;255;270;1518003900
21.18;40.42;988.80;408;1;0.0;255;251;1518003930
21.17;41.03;988.80;400;0;0.0;254;249;1518003960
21.16;41.39;988.85;408;1;0.01;255;251;1518003990
21.17;42.80;988.96;408;1;0.05;252;253;1518004020
21.17;41.26;988.90;408;1;0.03;254;259;1518004050
21.17;41.81;988.75;400;0;0.0;251;258;1518004080
21.17;42.58;988.83;408;1;0.03;255;260;1518004110
21.17;42.40;988.88;405;0;0.0;253;259;1518004140
21.15;41.96;988.88;400;0;0.06;253;260;1518004170
21.17;41.74;988.81;400;0;0.0;250;264;1518004200
21.17;41.62;988.81;408;1;0.0;257;266;1518004230
21.15;41.74;988.87;405;0;0.02;253;273;1518004260
21.15;41.86;988.87;408;1;0.0;253;243;1518004290
21.15;41.12;988.74;407;1;0.0;255;240;1518004320
21.15;41.41;988.84;411;1;0.03;251;271;1518004350
21.14;41.67;988.85;411;1;0.02;251;262;1518004380
21.14;42.87;988.89;411;1;0.0;253;259;1518004410
21.13;41.14;988.84;407;1;0.06;253;258;1518004440
21.14;41.62;988.83;405;0;0.0;251;242;1518004470
21.14;42.52;988.85;400;0;0.0;250;252;1518004500
21.13;43.12;988.90;407;1;0.0;252;267;1518004530
21.14;42.24;988.90;405;0;0.0;257;256;1518004560
21.14;41.61;988.89;400;0;0.0;252;263;1518004590
21.14;41.54;988.88;410;1;0.0;256;251;1518004620
21.14;42.75;988.92;403;0;0.0;251;266;1518004650
21.13;41.12;988.91;408;1;0.0;253;263;1518004680
21.14;41.58;988.83;408;1;0.0;256;259;1518004710
21.14;42.93;988.90;408;1;0.0;255;243;1518004740
21.15;42.02;988.92;408;1;0.03;255;255;1518004770
21.14;42.07;988.87;400;0;0.03;256;259;1518004800
21.14;41.33;988.86;408;1;0.0;255;256;1518004830
21.14;41.94;988.91;410;1;0.0;253;252;1518004860
21.13;42.29;988.93;410;1;0.0;251;278;1518004890
21.12;42.51;988.86;408;1;0.02;253;256;1518004920
21.12;42.17;988.92;408;1;0.02;250;261;1518004950
21.13;42.74;988.89;408;1;0.05;253;263;1518004980
21.13;42.17;988.93;408;1;0.0;256;251;1518005010
21.12;41.76;988.86;408;1;0.0;252;259;1518005040
21.13;41.26;988.89;408;1;0.0;255;254;1518005070
21.12;41.67;988.97;403;0;0.0;252;267;1518005100
21.13;42.73;988.92;409;1;0.01;253;254;1518005130
21.11;42.51;991.02;409;1;0.04;251;257;1518005160
21.11;40.35;989.03;409;1;0.0;253;249;1518005190
21.12;41.63;988.91;409;1;0.0;252;265;1518005220
21.11;41.23;988.93;400;0;0.05;253;262;1518005250
21.12;42.90;988.91;409;1;0.05;252;260;1518005280
21.12;41.13;988.95;409;1;0.02;254;263;1518005310
21.12;41.92;988.87;400;0;0.02;253;255;1518005340
21.12;41.86;988.92;409;1;0.0;254;265;1518005370
21.11;41.71;988.96;409;1;0.0;253;259;1518005400
21.11;41.70;988.94;400;0;0.04;254;261;1518005430
21.12;41.05;988.96;409;1;0.0;254;258;1518005460
21.11;41.67;988.89;409;1;0.02;255;262;1518005490
21.11;42.16;988.94;413;1;0.0;252;263;1518005520
21.11;42.23;988.89;409;1;0.01;251;242;1518005550
21.1;41.89;988.87;400;0;0.0;252;257;1518005580
21.1;41.07;988.90;409;1;0.01;252;252;1518005610
21.11;40.74;988.97;403;0;0.0;254;249;1518005640
21.1;41.69;988.88;403;0;0.08;252;250;1518005670
21.11;41.70;988.87;403;0;0.0;252;252;1518005700
21.09;41.92;988.97;408;1;0.0;255;262;1518005730
21.11;41.62;988.89;400;0;0.05;254;273;1518005760
21.09;42.53;988.99;411;1;0.02;252;251;1518005790
21.11;42.10;988.89;408;1;0.01;251;256;1518005820
21.1;41.38;991.04;408;1;0.0;255;258;1518005850
21.1;41.74;988.88;403;0;0.01;253;255;1518005880
21.11;41.37;988.98;408;1;0.01;249;255;1518005910
21.09;41.24;988.93;408;1;0.02;251;263;1518005940
21.11;41.85;988.99;408;1;0.0;255;267;1518005970
21.1;41.40;988.98;403;0;0.0;252;257;1518006000
21.08;39.72;988.93;400;0;0.02;254;268;1518006030
21.08;41.59;988.86;414;2;0.0;252;260;1518006060
21.08;40.73;988.87;409;1;0.01;252;258;1518006090
21.09;41.08;988.92;400;0;0.01;255;257;1518006120
21.09;42.16;988.96;409;1;0.0;256;253;1518006150
21.09;43.00;988.88;409;1;0.0;254;264;1518006180
21.08;41.68;988.96;409;1;0.0;251;260;1518006210
21.08;41.80;988.92;406;0;0.03;256;248;1518006240
21.09;41.05;988.92;400;0;0.03;255;257;1518006270
21.08;41.60;988.85;409;1;0.03;254;272;1518006300
21.07;41.95;988.85;409;1;0.0;251;262;1518006330
21.07;41.69;988.93;409;1;0.0;251;259;1518006360
21.08;41.52;988.91;409;1;0.02;255;248;1518006390
21.07;41.69;988.90;403;0;0.0;255;263;1518006420
21.06;41.67;988.87;403;0;0.0;256;255;1518006450
21.08;42.39;988.87;410;1;0.0;251;266;1518006480
21.08;41.37;988.88;402;0;0.0;256;266;1518006510
21.08;41.47;988.88;407;1;0.01;255;260;1518006540
21.08;41.12;988.91;400;0;0.0;256;258;1518006570
21.07;42.16;988.87;407;1;0.0;254;258;1518006600
21.07;40.97;988.88;400;0;0.0;251;252;1518006630
21.07;41.44;988.89;400;0;0.02;254;246;1518006660
21.09;41.96;988.88;407;1;0.04;256;251;1518006690
21.08;39.87;988.86;407;1;0.01;254;254;1518006720
21.08;42.96;988.87;407;1;0.0;252;262;1518006750
21.08;41.96;988.85;407;1;0.01;252;247;1518006780
21.07;41.55;988.87;400;0;0.03;253;259;1518006810
21.07;43.24;988.83;402;0;0.03;251;266;1518006840
21.07;41.02;988.82;407;1;0.0;252;253;1518006870
21.06;41.54;988.83;407;1;0.01;254;257;1518006900
21.07;41.79;988.76;400;0;0.01;253;266;1518006930
21.06;42.11;988.83;409;1;0.02;257;247;1518006960
21.06;41.62;988.81;400;0;0.0;251;253;1518006990
21.07;41.50;988.83;411;1;0.02;251;259;1518007020
21.06;41.55;988.83;400;0;0.0;254;265;1518007050
21.05;41.43;988.76;400;0;0.01;253;264;1518007080
21.05;42.02;988.76;409;1;0.01;252;263;1518007110
21.06;41.87;988.84;402;0;0.02;252;258;1518007140
21.06;40.65;988.77;402;0;0.03;253;262;1518007170
21.07;41.92;988.86;402;0;0.0;257;257;1518007200
21.05;41.69;988.79;402;0;0.0;251;265;1518007230
21.07;41.53;988.76;400;0;0.0;251;261;1518007260
21.06;41.23;988.84;400;0;0.05;253;247;1518007290
21.05;40.59;988.76;406;0;0.01;255;263;1518007320
21.06;41.99;988.77;410;1;0.01;252;260;1518007350
21.05;42.20;988.76;408;1;0.0;255;260;1518007380
21.05;42.62;988.78;408;1;0.01;254;268;1518007410
21.06;41.66;988.82;408;1;0.01;254;268;1518007440
21.05;42.18;988.84;408;1;0.01;255;249;1518007470
21.05;41.50;988.89;408;1;0.03;252;252;1518007500
21.06;41.61;988.78;408;1;0.05;255;259;1518007530
21.07;41.65;988.84;405;0;0.04;254;264;1518007560
21.07;41.33;988.87;405;0;0.05;251;244;1518007590
21.07;41.69;988.88;405;0;0.0;255;263;1518007620
21.06;41.58;988.90;400;0;0.0;250;252;1518007650
21.06;41.97;988.86;405;0;0.03;253;260;1518007680
21.08;39.62;988.87;405;0;0.03;254;264;1518007710
21.06;41.20;988.93;400;0;0.0;257;270;1518007740
21.07;41.44;988.93;413;1;0.0;250;245;1518007770
21.06;39.34;988.87;413;1;0.0;253;260;1518007800
21.06;43.22;988.84;413;1;0.0;252;259;1518007830
21.05;43.57;988.94;400;0;0.0;249;248;1518007860
21.06;41.55;988.93;400;0;0.0;253;272;1518007890
21.08;41.54;988.88;400;0;0.0;253;267;1518007920
21.06;41.54;988.93;408;1;0.0;253;265;1518007950
21.06;40.41;988.91;405;0;0.02;254;250;1518007980
21.06;41.37;988.93;413;1;0.0;251;263;1518008010
21.06;41.50;988.90;408;1;0.03;250;259;1518008040
21.05;42.17;988.87;408;1;0.0;250;256;1518008070
21.05;41.52;988.88;400;0;0.0;252;256;1518008100
21.06;42.50;988.97;400;0;0.01;253;262;1518008130
21.06;42.19;988.94;408;1;0.0;252;255;1518008160
21.05;42.42;988.89;400;0;0.02;254;266;1518008190
21.06;41.90;988.94;408;1;0.0;251;257;1518008220
21.07;41.39;988.84;408;1;0.0;256;261;1518008250
21.05;41.74;988.92;400;0;0.0;255;259;1518008280
21.06;40.08;988.94;400;0;0.0;253;249;1518008310
21.05;40.33;988.83;409;1;0.08;256;253;1518008340
21.05;41.51;988.87;409;1;0.0;253;258;1518008370
21.04;41.43;988.90;409;1;0.02;251;262;1518008400
21.05;42.20;988.84;409;1;0.02;252;256;1518008430
21.06;41.25;988.81;409;1;0.0;253;255;1518008460
21.04;41.48;988.87;409;1;0.0;255;268;1518008490
21.05;41.80;988.84;400;0;0.02;253;264;1518008520
21.05;40.93;988.88;409;1;0.0;256;266;1518008550
21.05;41.43;988.90;411;1;0.0;251;259;1518008580
21.05;42.63;988.90;411;1;0.02;251;265;1518008610
21.05;40.69;988.85;411;1;0.03;253;262;1518008640
21.03;40.75;988.95;411;1;0.02;251;263;1518008670
21.04;41.83;988.85;411;1;0.0;255;264;1518008700
21.05;41.82;988.93;411;1;0.0;254;268;1518008730
21.04;41.13;988.85;411;1;0.0;255;254;1518008760
21.05;39.86;988.93;411;1;0.0;254;270;1518008790
21.05;40.95;988.93;400;0;0.0;254;244;1518008820
21.04;41.18;988.85;400;0;0.0;255;248;1518008850
21.05;41.45;988.92;407;1;0.0;252;257;1518008880
21.04;42.10;988.83;407;1;0.0;251;255;1518008910
21.04;40.96;988.86;402;0;0.01;254;252;1518008940
21.03;40.97;988.89;406;0;0.0;254;259;1518008970
21.03;43.11;988.90;406;0;0.0;249;258;1518009000
21.02;39.95;988.90;406;0;0.05;255;254;1518009030
21.03;43.17;988.93;406;0;0.01;257;261;1518009060
21.03;41.39;988.90;406;0;0.08;253;259;1518009090
21.02;42.13;988.91;406;0;0.03;254;266;1518009120
21.03;41.49;988.88;406;0;0.0;249;252;1518009150
21.02;41.54;988.86;406;0;0.0;253;257;1518009180
21.02;41.14;988.88;406;0;0.0;251;260;1518009210
21.03;41.47;988.89;406;0;0.0;255;256;1518009240
21.02;41.02;988.93;406;0;0.04;254;253;1518009270
21.02;41.05;988.89;406;0;0.01;254;253;1518009300
21.03;41.07;988.92;406;0;0.0;254;250;1518009330
21.02;39.76;988.87;403;0;0.0;253;252;1518009360
21.01;41.53;988.90;408;1;0.01;254;256;1518009390
21.02;41.32;988.87;408;1;0.05;254;253;1518009420
21.04;41.76;988.91;408;1;0.02;254;253;1518009450
21.03;41.89;988.92;408;1;0.05;256;267;1518009480
21.03;41.23;988.88;408;1;0.02;255;261;1518009510
21.03;41.85;988.90;408;1;0.02;254;255;1518009540
21.03;41.69;988.86;408;1;0.02;256;263;1518009570
21.02;41.18;988.93;413;1;0.0;254;267;1518009600
21.03;42.36;988.92;405;0;0.02;255;254;1518009630
21.01;40.08;988.92;413;1;0.0;253;267;1518009660
21.02;41.50;988.86;400;0;0.04;253;264;1518009690
21.01;40.89;988.81;413;1;0.0;254;263;1518009720
