Column1;Column2;Column3;Column4;Column5;Column6;Column7;Column8;Column9
eCO2;TVOC;Temperature;Humidity;Pressure;UV;IR;VIS;Time
400;0;19.1;56.89;979.45;0.02;249;276;1518134400
400;0;19.1;56.67;979.41;0.03;253;257;1518134430
407;1;19.1;57.56;979.47;0.0;255;254;1518134460
402;0;19.09;56.09;979.48;0.0;252;261;1518134490
400;0;19.11;56.82;979.46;0.02;256;260;1518134520
405;0;19.09;56.35;979.42;0.0;252;252;1518134550
405;0;19.09;55.24;979.42;0.08;256;246;1518134580
405;0;19.07;56.94;979.46;0.0;251;256;1518134610
400;0;19.05;57.38;979.47;0.02;253;260;1518134640
400;0;19.05;56.51;979.53;0.0;254;260;1518134670
400;0;19.04;56.70;979.45;0.0;252;254;1518134700
400;0;19.05;56.48;979.49;0.0;255;262;1518134730
400;0;19.03;55.43;979.46;0.05;255;254;1518134760
411;1;19.07;55.15;979.47;0.02;253;259;1518134790
407;1;19.1;56.81;979.50;0.0;252;261;1518134820
411;1;19.1;55.84;979.53;0.0;253;264;1518134850
407;1;19.1;55.44;979.53;0.0;255;260;1518134880
407;1;19.11;57.58;979.58;0.0;254;261;1518134910
411;1;19.11;56.15;979.53;0.0;250;256;1518134940
407;1;19.12;55.98;979.46;0.03;254;260;1518134970
407;1;19.11;56.28;979.61;0.0;252;255;1518135000
403;0;19.17;56.95;979.47;0.04;252;261;1518135030
403;0;19.15;54.99;979.54;0.05;256;267;1518135060
414;2;19.13;57.13;979.53;0.03;255;264;1518135090
414;2;19.13;55.81;979.58;0.0;257;249;1518135120
410;1;19.14;57.02;979.54;0.0;249;262;1518135150
414;2;19.14;59.12;979.54;0.0;253;267;1518135180
405;0;19.12;56.31;979.51;0.0;256;265;1518135210
410;1;19.12;56.98;979.61;0.01;254;257;1518135240
400;0;19.12;56.29;979.57;0.0;253;263;1518135270
410;1;19.15;57.63;979.54;0.0;254;257;1518135300
410;1;19.14;56.81;979.62;0.0;258;250;1518135330
410;1;19.14;56.55;979.48;0.04;252;253;1518135360
410;1;19.17;56.18;979.47;0.03;251;259;1518135390
410;1;19.16;56.12;979.52;0.01;254;260;1518135420
410;1;19.17;56.42;979.53;0.0;253;264;1518135450
410;1;19.16;56.63;979.52;0.03;259;264;1518135480
405;0;19.19;54.72;979.59;0.02;251;263;1518135510
400;0;19.19;57.34;979.60;0.0;257;275;1518135540
408;1;19.19;57.03;979.56;0.0;252;248;1518135570
403;0;19.19;57.14;979.57;0.0;250;258;1518135600
400;0;19.18;56.47;979.55;0.03;251;267;1518135630
405;0;19.17;54.95;979.59;0.0;254;254;1518135660
409;1;19.18;56.47;979.52;0.0;256;266;1518135690
414;2;19.17;56.03;979.56;0.0;255;250;1518135720
409;1;19.17;56.16;979.51;0.02;249;253;1518135750
409;1;19.16;56.25;979.48;0.0;252;261;1518135780
405;0;19.16;56.54;979.50;0.0;251;272;1518135810
405;0;19.17;56.84;979.52;0.02;251;265;1518135840
400;0;19.13;56.11;979.55;0.01;253;250;1518135870
414;2;19.15;56.01;979.51;0.01;253;257;1518135900
409;1;19.14;56.95;979.53;0.02;250;262;1518135930
407;1;19.12;55.62;979.60;0.02;254;254;1518135960
407;1;19.13;56.32;979.54;0.0;254;258;1518135990
400;0;19.14;55.56;979.50;0.05;256;266;1518136020
407;1;19.15;56.96;979.51;0.02;255;269;1518136050
400;0;19.14;56.13;979.56;0.0;254;256;1518136080
407;1;19.13;56.96;979.59;0.04;252;257;1518136110
407;1;19.14;55.73;979.53;0.04;253;262;1518136140
407;1;19.13;54.96;979.60;0.06;254;258;1518136170
400;0;19.14;58.15;979.60;0.0;253;258;1518136200
407;1;19.13;55.35;979.54;0.0;257;259;1518136230
414;2;19.12;56.40;979.55;0.0;252;259;1518136260
409;1;19.14;56.67;979.49;0.01;247;253;1518136290
409;1;19.09;55.75;979.50;0.0;253;255;1518136320
409;1;19.09;56.59;979.53;0.0;251;267;1518136350
409;1;19.09;55.92;979.52;0.04;253;263;1518136380
409;1;19.07;57.41;979.59;0.04;257;258;1518136410
409;1;19.04;56.70;979.49;0.0;251;262;1518136440
409;1;19.05;55.58;979.52;0.03;255;254;1518136470
400;0;19.07;56.54;979.54;0.02;258;257;1518136500
409;1;19.09;55.22;979.48;0.02;254;257;1518136530
400;0;19.06;56.76;979.53;0.02;249;263;1518136560
409;1;19.08;55.97;979.57;0.0;252;246;1518136590
409;1;19.07;56.84;979.55;0.03;252;248;1518136620
407;1;19.08;58.60;979.44;0.0;254;262;1518136650
407;1;19.07;56.35;979.52;0.0;255;267;1518136680
407;1;19.04;56.33;979.43;0.0;256;244;1518136710
407;1;19.07;58.40;979.51;0.02;255;265;1518136740
407;1;19.07;56.00;979.54;0.05;252;257;1518136770
405;0;19.07;55.22;979.49;0.05;251;256;1518136800
407;1;19.08;56.32;979.50;0.0;257;255;1518136830
400;0;19.08;56.57;979.44;0.02;250;264;1518136860
408;1;19.08;56.60;979.48;0.04;256;253;1518136890
408;1;19.1;56.43;979.44;0.05;249;255;1518136920
408;1;19.06;55.54;979.48;0.0;251;256;1518136950
400;0;19.08;56.24;979.47;0.0;250;264;1518136980
408;1;19.07;55.87;979.50;0.0;252;260;1518137010
403;0;19.08;55.88;979.43;0.07;255;260;1518137040
403;0;19.08;57.70;979.49;0.01;249;244;1518137070
408;1;19.11;55.15;979.44;0.0;254;262;1518137100
403;0;19.13;56.27;979.52;0.02;251;254;1518137130
408;1;19.13;54.46;979.44;0.0;256;254;1518137160
408;1;19.11;56.34;979.46;0.02;257;250;1518137190
410;1;19.09;57.03;979.50;0.02;255;261;1518137220
403;0;19.05;56.55;979.47;0.02;250;256;1518137250
408;1;19.0;56.83;979.46;0.01;256;256;1518137280
403;0;18.99;57.36;979.47;0.0;252;263;1518137310
408;1;18.99;56.66;979.43;0.0;258;268;1518137340
400;0;18.95;56.35;979.49;0.01;250;256;1518137370
400;0;18.9;56.47;979.53;0.04;255;259;1518137400
403;0;18.86;56.95;979.43;0.0;255;250;1518137430
400;0;18.82;57.27;979.43;0.0;253;255;1518137460
403;0;18.81;55.65;979.52;0.03;254;270;1518137490
400;0;18.77;57.73;979.55;0.07;256;265;1518137520
408;1;18.78;56.79;979.47;0.03;254;265;1518137550
403;0;18.8;57.23;979.54;0.0;255;273;1518137580
400;0;18.82;56.55;979.59;0.0;250;263;1518137610
405;0;18.78;57.70;979.50;0.06;248;264;1518137640
405;0;18.8;57.67;979.44;0.03;255;253;1518137670
400;0;18.78;56.58;979.53;0.01;259;265;1518137700
400;0;18.8;57.34;979.57;0.0;254;263;1518137730
400;0;18.83;57.52;979.44;0.0;254;267;1518137760
407;1;18.85;56.04;979.49;0.0;251;253;1518137790
411;1;18.85;56.31;979.43;0.03;257;265;1518137820
407;1;18.85;57.75;979.45;0.05;252;260;1518137850
410;1;18.87;56.40;979.51;0.02;255;273;1518137880
403;0;18.88;56.63;979.50;0.03;252;261;1518137910
408;1;18.89;57.02;979.44;0.04;253;248;1518137940
403;0;18.89;56.26;979.40;0.04;256;262;1518137970
410;1;18.9;56.21;979.49;0.03;251;256;1518138000
408;1;18.92;56.71;979.46;0.0;253;246;1518138030
408;1;18.91;58.08;979.39;0.02;256;265;1518138060
408;1;18.88;56.62;979.48;0.07;252;258;1518138090
400;0;18.88;56.25;979.54;0.0;252;257;1518138120
400;0;18.88;55.42;979.48;0.02;253;255;1518138150
409;1;18.88;56.37;979.46;0.04;252;264;1518138180
406;0;18.88;56.61;979.44;0.0;251;255;1518138210
414;2;18.89;55.16;979.48;0.01;248;257;1518138240
408;1;18.91;57.14;979.52;0.08;255;234;1518138270
408;1;18.93;56.29;979.51;0.01;252;248;1518138300
400;0;18.96;56.29;979.52;0.0;253;262;1518138330
400;0;18.95;54.47;979.52;0.02;256;247;1518138360
408;1;18.95;55.09;979.46;0.06;254;274;1518138390
403;0;18.93;55.55;979.47;0.02;255;247;1518138420
400;0;18.94;55.76;979.50;0.02;258;256;1518138450
403;0;18.95;55.99;979.52;0.0;253;251;1518138480
409;1;18.95;56.62;979.50;0.0;253;255;1518138510
406;0;18.95;55.96;979.49;0.01;258;258;1518138540
406;0;18.93;56.53;979.44;0.0;256;264;1518138570
409;1;18.93;56.19;979.45;0.0;250;259;1518138600
400;0;18.93;56.89;979.53;0.0;254;258;1518138630
409;1;18.91;54.79;979.43;0.01;253;265;1518138660
408;1;18.93;56.28;979.55;0.0;255;252;1518138690
405;0;18.93;55.92;979.50;0.06;251;264;1518138720
400;0;18.95;55.96;979.43;0.0;251;257;1518138750
410;1;18.93;55.82;979.49;0.0;257;278;1518138780
410;1;18.93;56.52;979.40;0.0;254;257;1518138810
410;1;18.98;56.40;979.47;0.0;253;272;1518138840
407;1;18.98;56.09;979.49;0.01;256;260;1518138870
402;0;18.98;56.75;979.53;0.0;254;258;1518138900
402;0;18.95;55.75;979.52;0.02;253;252;1518138930
407;1;18.93;55.39;979.50;0.0;255;263;1518138960
400;0;18.93;56.01;979.50;0.02;252;257;1518138990
409;1;18.95;55.77;979.47;0.0;251;266;1518139020
409;1;18.95;55.80;979.59;0.02;254;258;1518139050
407;1;18.96;55.57;979.58;0.0;255;262;1518139080
409;1;18.96;55.68;979.56;0.0;253;267;1518139110
402;0;18.93;55.23;979.59;0.0;256;261;1518139140
400;0;18.95;55.69;979.49;0.0;252;251;1518139170
406;0;18.95;56.49;979.56;0.0;253;251;1518139200
413;1;18.91;55.86;979.55;0.0;259;259;1518139230
406;0;18.95;54.77;979.63;0.0;253;260;1518139260
403;0;18.93;55.21;979.58;0.0;250;266;1518139290
406;0;18.95;55.75;979.54;0.02;254;255;1518139320
403;0;18.95;55.75;979.60;0.0;254;260;1518139350
400;0;18.95;55.06;979.53;0.03;252;268;1518139380
400;0;18.94;56.17;979.63;0.0;253;256;1518139410
408;1;18.95;55.92;979.55;0.06;256;252;1518139440
403;0;18.96;55.64;979.60;0.0;256;262;1518139470
403;0;18.94;54.76;979.59;0.0;254;259;1518139500
400;0;18.95;54.96;979.58;0.0;254;259;1518139530
400;0;18.95;54.96;979.53;0.0;254;256;1518139560
409;1;18.93;55.52;979.59;0.03;261;261;1518139590
409;1;18.95;54.81;979.64;0.0;256;265;1518139620
400;0;18.95;56.94;979.60;0.01;251;269;1518139650
409;1;18.93;54.40;979.54;0.0;256;269;1518139680
400;0;18.93;55.57;979.57;0.0;253;260;1518139710
405;0;18.9;55.55;979.62;0.0;252;258;1518139740
405;0;18.93;57.21;979.74;0.0;252;261;1518139770
405;0;18.93;56.69;979.68;0.0;254;270;1518139800
400;0;18.94;55.27;979.62;0.0;253;260;1518139830
410;1;18.96;55.25;979.64;0.04;250;255;1518139860
406;0;18.96;56.22;979.62;0.06;254;259;1518139890
406;0;18.93;55.51;979.62;0.0;252;257;1518139920
406;0;18.93;55.21;979.71;0.03;254;256;1518139950
403;0;18.96;56.26;979.61;0.0;247;258;1518139980
408;1;18.96;56.11;979.68;0.0;251;255;1518140010
405;0;18.93;54.59;979.61;0.0;252;261;1518140040
405;0;18.91;55.40;979.61;0.0;257;256;1518140070
405;0;18.92;55.86;979.71;0.0;250;260;1518140100
405;0;18.93;55.52;979.65;0.0;251;249;1518140130
405;0;18.9;54.97;979.66;0.0;250;247;1518140160
409;1;18.89;55.98;979.67;0.0;253;261;1518140190
422;3;18.88;56.17;979.72;0.01;253;260;1518140220
422;3;18.89;55.46;979.68;0.02;256;263;1518140250
422;3;18.89;56.34;979.67;0.0;252;258;1518140280
417;2;18.88;55.81;979.69;0.02;252;256;1518140310
422;3;18.88;55.96;979.77;0.02;251;256;1518140340
414;2;18.88;56.34;979.74;0.04;254;266;1518140370
417;2;18.89;55.02;979.74;0.01;254;257;1518140400
409;1;18.9;55.49;979.67;0.01;253;262;1518140430
417;2;18.89;57.36;979.78;0.02;253;268;1518140460
414;2;18.91;55.26;979.72;0.01;251;258;1518140490
414;2;18.91;54.78;979.76;0.01;253;256;1518140520
414;2;18.93;56.12;979.70;0.0;253;253;1518140550
409;1;18.93;54.78;979.75;0.0;250;257;1518140580
409;1;18.93;55.70;979.76;0.03;258;254;1518140610
405;0;18.9;55.00;979.69;0.0;253;264;1518140640
409;1;18.88;55.48;979.72;0.05;253;269;1518140670
400;0;18.86;56.47;979.66;0.0;258;253;1518140700
409;1;18.87;55.30;979.73;0.0;257;265;1518140730
405;0;18.91;55.48;979.71;0.0;251;259;1518140760
400;0;18.91;56.55;979.77;0.0;254;263;1518140790
400;0;18.9;54.85;979.72;0.04;251;263;1518140820
414;2;18.9;54.33;979.79;0.0;257;250;1518140850
400;0;18.91;55.70;979.75;0.0;254;270;1518140880
414;2;18.93;54.47;979.64;0.05;254;256;1518140910
414;2;18.93;55.32;979.77;0.0;255;259;1518140940
414;2;18.93;53.84;979.73;0.01;253;254;1518140970
409;1;18.93;54.97;979.69;0.02;254;260;1518141000
414;2;18.95;54.88;979.79;0.02;255;254;1518141030
405;0;18.93;54.49;979.73;0.05;252;241;1518141060
408;1;18.96;55.98;979.73;0.0;255;253;1518141090
400;0;18.97;54.37;979.70;0.0;255;253;1518141120
400;0;18.98;56.94;979.77;0.0;255;256;1518141150
409;1;18.98;56.57;979.76;0.01;253;258;1518141180
400;0;18.97;55.48;979.69;0.02;245;264;1518141210
400;0;18.95;55.60;979.73;0.01;251;259;1518141240
405;0;18.97;55.50;979.80;0.03;253;244;1518141270
400;0;18.95;55.65;979.79;0.0;258;255;1518141300
408;1;18.97;56.18;979.85;0.01;254;265;1518141330
408;1;18.96;55.17;979.81;0.06;254;271;1518141360
408;1;18.97;54.59;979.80;0.0;258;250;1518141390
408;1;18.95;56.70;979.72;0.0;252;261;1518141420
400;0;18.95;56.50;979.84;0.05;251;258;1518141450
402;0;18.95;56.21;979.78;0.02;254;252;1518141480
407;1;18.98;55.47;979.80;0.01;258;262;1518141510
402;0;18.97;55.49;979.76;0.01;256;255;1518141540
407;1;18.97;54.30;979.84;0.01;254;253;1518141570
407;1;18.96;56.27;979.78;0.04;251;255;1518141600
402;0;18.99;55.74;979.86;0.02;252;252;1518141630
407;1;18.98;55.41;979.79;0.02;249;244;1518141660
402;0;18.99;54.78;979.78;0.02;254;257;1518141690
409;1;19.0;56.14;979.73;0.02;254;261;1518141720
411;1;18.98;55.96;979.85;0.0;253;272;1518141750
411;1;18.99;55.53;979.73;0.07;254;249;1518141780
411;1;18.97;56.35;979.70;0.0;254;262;1518141810
405;0;18.96;56.20;979.82;0.0;256;266;1518141840
405;0;18.94;55.47;979.84;0.0;249;256;1518141870
400;0;18.94;55.99;979.83;0.05;254;251;1518141900
407;1;18.95;55.60;979.79;0.0;253;265;1518141930
400;0;18.94;55.14;979.84;0.0;256;250;1518141960
407;1;18.97;56.26;979.75;0.05;253;259;1518141990
407;1;18.96;56.80;979.83;0.0;254;260;1518142020
407;1;18.95;55.74;979.84;0.0;252;272;1518142050
402;0;18.97;56.00;979.84;0.0;252;254;1518142080
400;0;18.96;56.15;979.84;0.0;249;264;1518142110
402;0;18.96;55.48;979.80;0.0;253;262;1518142140
402;0;18.96;54.82;979.82;0.0;251;255;1518142170
407;1;18.99;54.94;979.83;0.0;259;264;1518142200
407;1;19.01;57.45;979.83;0.0;253;266;1518142230
400;0;19.0;55.04;979.73;0.01;253;257;1518142260
407;1;18.98;54.71;979.85;0.01;257;262;1518142290
408;1;18.99;55.31;979.84;0.0;250;264;1518142320
400;0;18.97;54.96;979.81;0.0;249;257;1518142350
408;1;18.96;55.49;979.84;0.0;249;257;1518142380
408;1;18.96;54.98;979.84;0.0;255;253;1518142410
410;1;18.99;55.44;979.85;0.02;257;255;1518142440
410;1;19.01;55.40;979.90;0.01;255;270;1518142470
408;1;19.01;56.62;979.91;0.0;257;262;1518142500
408;1;19.01;56.25;979.79;0.0;252;266;1518142530
403;0;18.99;55.94;979.90;0.0;256;257;1518142560
403;0;19.01;56.33;979.89;0.0;257;265;1518142590
408;1;19.01;55.88;979.91;0.0;250;258;1518142620
408;1;19.0;57.66;979.82;0.0;253;265;1518142650
410;1;19.0;55.34;979.81;0.0;253;261;1518142680
408;1;19.02;54.74;979.85;0.01;256;265;1518142710
408;1;19.04;56.48;979.88;0.03;255;264;1518142740
403;0;19.04;56.30;979.90;0.01;250;244;1518142770
403;0;19.02;55.37;979.91;0.03;259;271;1518142800
409;1;19.03;55.22;979.90;0.06;256;264;1518142830
409;1;19.05;55.23;979.85;0.0;251;256;1518142860
413;1;19.06;54.61;979.94;0.02;251;263;1518142890
409;1;19.06;55.34;979.84;0.0;252;255;1518142920
409;1;19.09;53.90;979.90;0.0;254;250;1518142950
405;0;19.08;55.43;979.92;0.02;253;261;1518142980
400;0;19.08;55.57;979.87;0.0;252;264;1518143010
408;1;19.1;54.31;979.93;0.01;253;257;1518143040
400;0;19.1;54.88;979.89;0.0;255;261;1518143070
400;0;19.09;53.40;979.86;0.0;255;270;1518143100
408;1;19.09;55.75;979.84;0.05;255;261;1518143130
408;1;19.1;53.64;979.84;0.0;254;264;1518143160
408;1;19.1;55.24;979.87;0.0;252;263;1518143190
413;1;19.09;55.60;979.91;0.0;259;257;1518143220
408;1;19.11;54.09;979.94;0.0;253;250;1518143250
408;1;19.12;55.75;979.88;0.01;257;251;1518143280
403;0;19.1;54.38;979.88;0.07;252;266;1518143310
403;0;19.12;55.84;979.91;0.0;254;256;1518143340
413;1;19.12;54.67;979.95;0.02;255;260;1518143370
408;1;19.11;55.34;979.93;0.02;256;258;1518143400
408;1;19.13;54.85;979.94;0.04;253;254;1518143430
408;1;19.11;55.24;979.92;0.0;251;258;1518143460
408;1;19.13;54.61;979.96;0.0;258;263;1518143490
408;1;19.12;55.02;980.06;0.01;252;256;1518143520
405;0;19.1;55.00;980.05;0.01;254;258;1518143550
408;1;19.11;54.94;980.02;0.0;257;259;1518143580
408;1;19.11;55.17;980.07;0.01;257;260;1518143610
408;1;19.1;55.61;979.99;0.0;254;255;1518143640
400;0;19.12;54.76;980.00;0.05;252;255;1518143670
408;1;19.12;56.27;980.08;0.06;254;269;1518143700
408;1;19.11;53.81;979.93;0.0;256;258;1518143730
408;1;19.11;55.43;979.99;0.0;252;252;1518143760
400;0;19.12;55.61;980.05;0.0;254;243;1518143790
405;0;19.12;53.86;980.08;0.0;252;260;1518143820
405;0;19.12;54.34;980.07;0.04;253;264;1518143850
409;1;19.11;54.93;980.15;0.0;255;269;1518143880
400;0;19.11;55.17;980.02;0.0;253;267;1518143910
405;0;19.12;54.72;980.10;0.0;257;259;1518143940
409;1;19.11;54.85;980.04;0.03;253;257;1518143970
400;0;19.12;54.69;980.08;0.02;256;250;1518144000
405;0;19.14;55.50;980.12;0.05;254;256;1518144030
405;0;19.14;54.68;980.06;0.0;251;257;1518144060
407;1;19.13;54.38;980.05;0.0;256;253;1518144090
407;1;19.12;56.37;980.10;0.0;256;250;1518144120
402;0;19.12;54.29;980.09;0.0;253;264;1518144150
407;1;19.13;55.49;980.00;0.02;253;246;1518144180
411;1;19.14;55.25;980.06;0.0;254;258;1518144210
411;1;19.14;54.26;980.00;0.03;257;269;1518144240
411;1;19.16;55.62;980.03;0.0;253;252;1518144270
407;1;19.16;54.87;980.11;0.05;254;261;1518144300
407;1;19.17;54.32;980.12;0.0;254;265;1518144330
407;1;19.18;54.93;980.14;0.02;253;263;1518144360
400;0;19.15;55.70;979.98;0.0;253;251;1518144390
407;1;19.14;54.54;980.11;0.0;256;264;1518144420
407;1;19.13;54.39;980.03;0.0;251;263;1518144450
407;1;19.12;54.44;980.08;0.0;252;262;1518144480
405;0;19.13;53.87;980.13;0.0;250;257;1518144510
407;1;19.13;55.43;980.04;0.01;254;251;1518144540
400;0;19.12;55.87;980.12;0.01;257;259;1518144570
403;0;19.13;53.98;980.03;0.0;253;260;1518144600
403;0;19.11;54.12;980.11;0.02;252;253;1518144630
403;0;19.11;53.82;980.07;0.05;253;258;1518144660
403;0;19.11;54.29;980.11;0.04;257;266;1518144690
409;1;19.12;54.02;979.97;0.02;254;247;1518144720
400;0;19.12;53.62;980.05;0.02;254;250;1518144750
409;1;19.11;54.27;980.11;0.05;255;262;1518144780
409;1;19.1;54.49;980.07;0.03;253;265;1518144810
406;0;19.1;55.10;980.07;0.0;256;253;1518144840
409;1;19.11;54.79;980.14;0.0;255;263;1518144870
406;0;19.12;53.85;980.08;0.05;251;253;1518144900
406;0;19.14;54.56;979.98;0.03;249;272;1518144930
406;0;19.15;54.14;980.08;0.0;255;255;1518144960
400;0;19.12;54.48;980.04;0.0;252;253;1518144990
409;1;19.17;54.61;980.17;0.02;256;260;1518145020
406;0;19.13;54.38;980.07;0.02;257;257;1518145050
409;1;19.12;54.30;980.13;0.0;252;249;1518145080
408;1;19.13;54.43;980.14;0.0;259;276;1518145110
400;0;19.11;55.02;980.07;0.0;257;260;1518145140
400;0;19.1;55.84;980.10;0.0;253;254;1518145170
400;0;19.08;55.96;980.08;0.0;257;243;1518145200
408;1;19.06;55.07;980.07;0.01;254;258;1518145230
405;0;19.04;56.83;980.09;0.02;253;255;1518145260
403;0;19.04;55.56;980.10;0.04;252;256;1518145290
400;0;19.06;54.96;980.06;0.01;251;244;1518145320
400;0;19.02;55.00;980.09;0.0;254;246;1518145350
403;0;19.01;55.10;980.14;0.06;260;257;1518145380
408;1;19.02;55.83;980.11;0.03;256;267;1518145410
421;3;19.03;56.27;980.09;0.01;256;267;1518145440
403;0;19.05;54.71;980.07;0.0;253;261;1518145470
411;1;19.09;55.57;980.15;0.04;253;271;1518145500
411;1;19.1;55.62;980.09;0.02;255;265;1518145530
417;2;19.1;54.09;980.17;0.02;251;268;1518145560
421;3;19.11;55.03;980.23;0.0;254;261;1518145590
408;1;19.11;55.14;980.10;0.02;251;267;1518145620
408;1;19.12;54.88;980.14;0.01;256;260;1518145650
411;1;19.15;55.05;980.15;0.0;257;263;1518145680
403;0;19.12;54.84;980.17;0.01;250;256;1518145710
408;1;19.13;55.19;980.22;0.0;255;248;1518145740
403;0;19.13;54.06;980.12;0.03;251;264;1518145770
408;1;19.14;54.99;980.13;0.05;255;259;1518145800
400;0;19.13;54.44;980.16;0.0;254;248;1518145830
409;1;19.13;55.01;980.18;0.02;252;246;1518145860
406;0;19.13;54.64;980.16;0.02;253;258;1518145890
400;0;19.13;54.68;980.20;0.0;253;256;1518145920
400;0;19.13;54.74;980.11;0.01;256;269;1518145950
400;0;19.15;54.73;980.16;0.03;255;269;1518145980
409;1;19.14;54.46;980.22;0.03;253;255;1518146010
413;1;19.13;54.49;980.10;0.0;255;262;1518146040
421;3;19.17;55.35;980.15;0.08;253;261;1518146070
409;1;19.17;55.37;980.20;0.02;252;256;1518146100
426;3;19.15;55.08;980.09;0.02;253;262;1518146130
426;3;19.13;55.15;980.11;0.03;257;254;1518146160
417;2;19.13;54.88;980.16;0.0;257;260;1518146190
426;3;19.1;55.63;980.18;0.05;254;258;1518146220
421;3;19.11;54.86;980.16;0.01;249;242;1518146250
417;2;19.13;54.89;980.17;0.0;253;252;1518146280
426;3;19.08;55.06;980.15;0.02;254;262;1518146310
426;3;19.04;55.19;980.15;0.02;256;256;1518146340
421;3;19.0;54.46;980.14;0.0;260;252;1518146370
432;4;18.99;55.07;980.14;0.02;249;261;1518146400
426;3;18.98;55.56;980.13;0.0;253;244;1518146430
426;3;18.93;54.33;980.15;0.04;251;263;1518146460
417;2;18.96;56.39;980.14;0.0;255;261;1518146490
426;3;18.9;55.98;980.08;0.02;251;254;1518146520
426;3;18.87;56.30;980.13;0.0;254;258;1518146550
426;3;18.85;55.87;980.18;0.0;255;259;1518146580
421;3;18.81;55.92;980.12;0.0;254;246;1518146610
421;3;18.81;55.96;980.10;0.02;251;261;1518146640
421;3;18.76;55.53;980.07;0.0;253;274;1518146670
417;2;18.73;55.04;980.12;0.0;254;266;1518146700
417;2;18.69;55.34;980.01;0.0;253;254;1518146730
417;2;18.66;55.87;980.10;0.0;249;257;1518146760
417;2;18.66;56.20;980.08;0.0;253;250;1518146790
409;1;18.64;54.96;980.10;0.05;258;260;1518146820
421;3;18.64;56.98;980.07;0.01;252;261;1518146850
417;2;18.61;56.89;980.04;0.02;255;264;1518146880
409;1;18.6;56.47;980.13;0.05;253;256;1518146910
417;2;18.57;55.63;980.14;0.02;258;264;1518146940
409;1;18.55;56.21;980.13;0.02;252;261;1518146970
417;2;18.54;56.10;980.12;0.03;255;266;1518147000
421;3;18.54;56.64;980.04;0.0;255;254;1518147030
421;3;18.54;56.64;980.03;0.0;252;259;1518147060
417;2;18.55;57.62;980.11;0.02;254;255;1518147090
421;3;18.58;57.17;980.19;0.03;253;254;1518147120
421;3;18.54;57.53;980.11;0.0;257;271;1518147150
421;3;18.56;56.85;980.13;0.0;253;256;1518147180
426;3;18.5;57.25;980.20;0.0;254;258;1518147210
413;1;18.5;58.27;980.13;0.0;256;257;1518147240
421;3;18.5;56.52;980.13;0.02;252;242;1518147270
426;3;18.49;57.77;980.15;0.0;253;262;1518147300
426;3;18.49;57.63;980.15;0.0;253;258;1518147330
426;3;18.49;55.72;980.14;0.0;251;255;1518147360
426;3;18.47;57.20;980.19;0.05;257;269;1518147390
426;3;18.44;58.85;980.17;0.01;256;259;1518147420
421;3;18.43;57.96;980.15;0.01;254;259;1518147450
421;3;18.42;57.08;980.16;0.0;254;264;1518147480
417;2;18.43;57.25;980.19;0.01;254;250;1518147510
421;3;18.41;55.78;980.16;0.06;252;261;1518147540
421;3;18.42;56.73;980.16;0.02;255;270;1518147570
413;1;18.44;56.39;980.22;0.0;253;258;1518147600
421;3;18.45;58.01;980.20;0.0;252;269;1518147630
421;3;18.44;55.93;980.12;0.0;257;259;1518147660
417;2;18.45;56.63;980.12;0.02;258;254;1518147690
409;1;18.49;55.39;980.19;0.02;254;261;1518147720
417;2;18.55;55.62;980.16;0.0;248;255;1518147750
417;2;18.55;56.10;980.13;0.0;254;253;1518147780
421;3;18.55;56.56;980.12;0.01;249;254;1518147810
421;3;18.57;56.68;980.10;0.0;255;253;1518147840
421;3;18.57;55.89;980.15;0.0;250;261;1518147870
417;2;18.59;56.41;980.16;0.06;253;255;1518147900
409;1;18.62;56.55;980.13;0.06;252;260;1518147930
413;1;18.66;55.22;980.13;0.0;253;256;1518147960
421;3;18.69;55.16;980.18;0.0;252;258;1518147990
409;1;18.66;56.14;980.18;0.07;249;255;1518148020
413;1;18.67;56.59;980.16;0.04;254;262;1518148050
421;3;18.67;56.64;980.07;0.02;258;265;1518148080
417;2;18.66;57.16;980.15;0.02;253;256;1518148110
417;2;18.7;55.83;980.13;0.0;258;254;1518148140
413;1;18.7;56.90;980.14;0.0;252;257;1518148170
417;2;18.74;55.14;980.26;0.01;253;251;1518148200
413;1;18.74;55.76;980.18;0.0;253;263;1518148230
403;0;18.78;54.83;980.25;0.04;255;262;1518148260
400;0;18.8;56.78;980.21;0.01;256;250;1518148290
403;0;18.84;54.64;980.17;0.0;252;255;1518148320
406;0;18.84;54.31;980.22;0.03;255;269;1518148350
406;0;18.85;55.36;980.17;0.0;253;260;1518148380
406;0;18.84;54.83;980.15;0.0;253;252;1518148410
400;0;18.86;55.02;980.18;0.08;253;261;1518148440
400;0;18.88;55.92;980.19;0.0;251;267;1518148470
406;0;18.89;53.58;980.17;0.0;252;260;1518148500
406;0;18.88;54.48;980.21;0.0;257;268;1518148530
400;0;18.9;56.24;980.27;0.03;259;244;1518148560
406;0;18.93;54.49;980.26;0.01;252;253;1518148590
406;0;18.91;54.94;980.12;0.04;255;253;1518148620
406;0;18.93;55.17;980.27;0.0;252;262;1518148650
402;0;18.94;53.78;980.22;0.0;251;249;1518148680
406;0;18.93;55.15;980.19;0.04;253;250;1518148710
406;0;18.95;54.77;980.26;0.02;252;263;1518148740
402;0;18.97;54.28;980.33;0.0;256;267;1518148770
408;1;18.97;52.84;980.24;0.0;253;260;1518148800
408;1;18.94;54.51;980.21;0.02;253;250;1518148830
400;0;18.95;54.96;980.25;0.0;259;265;1518148860
408;1;18.96;55.12;980.18;0.02;254;254;1518148890
400;0;18.96;55.69;980.26;0.0;253;256;1518148920
408;1;18.94;53.89;980.21;0.0;252;246;1518148950
408;1;18.93;55.23;980.21;0.0;250;270;1518148980
413;1;18.93;54.10;980.23;0.02;253;260;1518149010
413;1;18.93;54.70;980.23;0.0;254;249;1518149040
413;1;18.96;55.48;980.27;0.05;249;253;1518149070
413;1;18.95;54.79;980.30;0.0;250;255;1518149100
413;1;18.96;54.40;980.29;0.0;257;258;1518149130
408;1;18.95;53.78;980.30;0.02;256;267;1518149160
405;0;18.95;54.11;980.24;0.02;255;257;1518149190
408;1;18.96;54.76;980.30;0.01;253;254;1518149220
415;2;18.96;54.81;980.30;0.02;253;248;1518149250
415;2;18.97;54.67;980.31;0.02;251;263;1518149280
413;1;18.99;53.91;980.23;0.03;253;259;1518149310
413;1;18.98;54.52;980.30;0.03;254;257;1518149340
415;2;18.97;55.08;980.29;0.04;252;255;1518149370
413;1;18.99;57.54;980.32;0.0;250;257;1518149400
413;1;18.96;54.42;980.23;0.01;254;263;1518149430
408;1;18.99;54.54;980.29;0.0;255;259;1518149460
413;1;18.98;53.67;980.27;0.03;257;260;1518149490
408;1;18.98;54.20;980.18;0.03;256;261;1518149520
408;1;19.0;54.55;980.24;0.0;251;264;1518149550
413;1;19.0;54.68;980.23;0.0;252;255;1518149580
408;1;18.99;53.94;980.16;0.0;254;251;1518149610
408;1;19.0;54.30;980.18;0.0;255;260;1518149640
408;1;18.99;53.96;980.28;0.05;251;250;1518149670
400;0;19.01;54.34;980.17;0.0;253;261;1518149700
413;1;19.02;55.15;980.28;0.01;253;263;1518149730
405;0;19.0;53.38;980.15;0.02;252;263;1518149760
400;0;19.0;54.46;980.16;0.03;257;254;1518149790
400;0;18.99;54.27;980.15;0.05;258;254;1518149820
408;1;19.01;55.01;980.12;0.07;250;264;1518149850
400;0;18.99;54.21;980.09;0.0;256;261;1518149880
409;1;19.01;54.33;980.17;0.06;253;254;1518149910
409;1;19.0;54.99;980.22;0.02;249;254;1518149940
405;0;19.01;53.88;980.19;0.01;254;264;1518149970
400;0;19.01;53.95;980.23;0.0;256;262;1518150000
400;0;18.99;54.28;980.20;0.05;257;266;1518150030
413;1;18.98;52.92;980.16;0.0;253;271;1518150060
403;0;19.0;54.53;980.25;0.0;252;260;1518150090
413;1;19.0;54.36;980.22;0.01;247;263;1518150120
408;1;19.0;54.38;980.24;0.01;253;260;1518150150
403;0;18.99;54.39;980.19;0.01;254;258;1518150180
403;0;19.0;53.75;980.23;0.0;255;262;1518150210
413;1;19.01;54.25;980.26;0.05;254;265;1518150240
413;1;19.01;53.45;980.23;0.0;254;261;1518150270
403;0;19.02;55.44;980.23;0.0;253;258;1518150300
413;1;19.0;53.97;980.23;0.0;252;263;1518150330
413;1;19.0;55.16;980.22;0.0;255;265;1518150360
413;1;19.01;54.53;980.21;0.0;255;251;1518150390
403;0;19.0;55.57;980.32;0.04;258;259;1518150420
410;1;19.02;53.87;980.27;0.01;251;254;1518150450
406;0;19.01;54.20;980.27;0.01;252;256;1518150480
410;1;19.0;54.72;980.28;0.04;254;255;1518150510
406;0;18.98;54.62;980.23;0.0;255;261;1518150540
406;0;18.98;54.35;980.29;0.03;255;269;1518150570
406;0;18.95;54.20;980.24;0.0;256;253;1518150600
402;0;18.93;53.15;980.30;0.05;254;265;1518150630
400;0;18.93;54.20;980.30;0.0;256;266;1518150660
406;0;18.93;54.08;980.28;0.02;256;256;1518150690
400;0;18.93;54.32;980.28;0.04;251;262;1518150720
406;0;18.94;54.30;980.36;0.0;250;249;1518150750
406;0;18.95;54.15;980.34;0.0;254;256;1518150780
406;0;18.95;53.80;980.34;0.0;256;268;1518150810
406;0;18.96;54.09;980.36;0.02;255;255;1518150840
406;0;18.96;54.17;980.40;0.0;251;243;1518150870
402;0;18.95;55.06;980.37;0.0;255;253;1518150900
402;0;18.95;54.55;980.35;0.0;254;256;1518150930
400;0;18.96;54.84;980.41;0.0;259;254;1518150960
402;0;18.95;54.45;980.35;0.0;255;271;1518150990
409;1;18.98;54.60;980.40;0.07;255;253;1518151020
407;1;18.99;54.44;980.42;0.0;257;257;1518151050
407;1;18.98;54.37;980.36;0.04;258;255;1518151080
407;1;18.98;53.57;980.39;0.04;256;259;1518151110
411;1;18.98;53.28;980.41;0.03;257;270;1518151140
409;1;18.93;54.41;980.39;0.02;256;251;1518151170
409;1;18.96;55.60;980.54;0.0;256;259;1518151200
411;1;18.93;54.22;980.39;0.0;264;260;1518151230
409;1;18.96;54.31;980.44;0.05;257;261;1518151260
409;1;18.96;54.89;980.44;0.02;259;273;1518151290
409;1;18.95;54.09;980.37;0.05;263;265;1518151320
409;1;18.97;54.21;980.52;0.0;261;256;1518151350
409;1;18.97;54.05;980.57;0.0;258;263;1518151380
409;1;18.97;54.66;980.46;0.02;259;274;1518151410
409;1;18.97;54.86;980.43;0.0;258;254;1518151440
409;1;18.97;54.79;980.48;0.01;261;258;1518151470
407;1;18.97;53.99;980.55;0.0;262;262;1518151500
407;1;18.97;54.05;980.61;0.01;268;259;1518151530
400;0;18.96;54.64;980.57;0.02;264;250;1518151560
414;2;18.96;54.45;980.66;0.02;261;260;1518151590
424;3;18.94;55.87;980.56;0.0;265;259;1518151620
439;5;18.93;54.27;980.52;0.02;265;258;1518151650
434;5;18.91;55.07;980.56;0.0;269;268;1518151680
434;5;18.89;53.38;980.58;0.02;274;266;1518151710
428;4;18.87;54.26;980.54;0.02;268;258;1518151740
428;4;18.88;53.53;980.60;0.04;275;251;1518151770
416;2;18.86;55.10;980.52;0.02;271;253;1518151800
424;3;18.89;54.35;980.58;0.08;270;249;1518151830
428;4;18.87;55.28;980.62;0.0;274;271;1518151860
420;3;18.87;53.95;980.62;0.03;277;266;1518151890
434;5;18.9;54.40;980.62;0.0;273;264;1518151920
428;4;18.92;53.82;980.59;0.0;279;256;1518151950
434;5;18.91;54.60;980.67;0.0;278;266;1518151980
424;3;18.93;53.71;980.67;0.02;276;255;1518152010
428;4;18.9;54.92;980.69;0.07;287;260;1518152040
424;3;18.91;53.14;980.62;0.0;284;266;1518152070
424;3;18.93;54.22;980.63;0.04;286;275;1518152100
424;3;18.93;54.55;980.63;0.05;287;265;1518152130
424;3;18.92;54.37;980.68;0.06;284;263;1518152160
414;2;18.9;54.89;980.67;0.02;290;274;1518152190
420;3;18.91;54.44;980.68;0.04;285;259;1518152220
420;3;18.89;53.43;980.83;0.06;293;257;1518152250
416;2;18.88;54.67;980.78;0.07;293;260;1518152280
420;3;18.87;53.73;980.80;0.01;295;253;1518152310
416;2;18.85;54.54;980.75;0.04;291;276;1518152340
416;2;18.84;53.60;980.79;0.07;298;263;1518152370
414;2;18.88;56.09;980.81;0.05;302;279;1518152400
407;1;18.87;54.48;980.90;0.01;302;265;1518152430
416;2;18.89;53.61;980.86;0.07;302;265;1518152460
407;1;18.89;54.49;980.81;0.05;309;270;1518152490
407;1;18.89;53.76;980.87;0.03;307;267;1518152520
400;0;18.89;54.05;980.83;0.02;306;263;1518152550
428;4;18.9;54.67;980.84;0.07;309;273;1518152580
455;8;18.91;52.90;980.78;0.06;314;276;1518152610
455;8;18.9;54.06;980.83;0.02;312;284;1518152640
460;9;18.91;54.26;980.86;0.05;318;267;1518152670
455;8;18.93;54.56;980.88;0.04;321;276;1518152700
434;5;18.91;54.31;980.73;0.05;324;286;1518152730
442;6;18.91;53.82;980.85;0.04;324;286;1518152760
445;6;18.89;54.18;980.87;0.08;330;266;1518152790
451;7;18.86;54.14;980.92;0.06;332;278;1518152820
451;7;18.86;55.89;980.86;0.08;339;288;1518152850
451;7;18.88;54.32;980.86;0.05;340;284;1518152880
445;6;18.86;53.48;980.84;0.04;341;268;1518152910
451;7;18.85;54.24;980.86;0.09;344;273;1518152940
451;7;18.82;54.60;980.87;0.05;348;267;1518152970
442;6;18.83;53.39;980.90;0.1;351;270;1518153000
460;9;18.82;55.48;980.88;0.07;348;276;1518153030
463;9;18.85;54.06;980.91;0.01;355;284;1518153060
472;10;18.86;55.62;980.86;0.11;353;265;1518153090
472;10;18.88;54.77;980.95;0.01;354;277;1518153120
472;10;18.89;54.87;980.96;0.03;350;271;1518153150
476;11;18.9;55.52;980.96;0.1;354;296;1518153180
481;12;18.88;55.72;980.99;0.13;351;282;1518153210
483;12;18.88;56.59;980.90;0.12;347;286;1518153240
488;13;18.86;54.82;980.95;0.06;349;282;1518153270
495;14;18.88;54.49;980.94;0.07;351;273;1518153300
500;15;18.88;55.19;980.89;0.1;350;277;1518153330
500;15;18.86;55.87;980.96;0.14;355;269;1518153360
500;15;18.84;54.61;980.95;0.11;353;280;1518153390
495;14;18.84;55.58;980.92;0.1;355;291;1518153420
503;15;18.83;55.32;980.92;0.12;360;288;1518153450
500;15;18.83;55.25;980.95;0.14;360;271;1518153480
503;15;18.84;54.79;980.92;0.11;365;276;1518153510
500;15;18.84;56.20;981.01;0.14;368;289;1518153540
495;14;18.84;55.36;980.97;0.1;377;274;1518153570
483;12;18.84;55.09;980.98;0.11;391;267;1518153600
495;14;18.83;55.40;981.05;0.13;399;281;1518153630
488;13;18.85;54.24;981.08;0.07;411;300;1518153660
488;13;18.84;54.64;980.96;0.1;423;292;1518153690
488;13;18.85;54.50;981.07;0.11;431;286;1518153720
488;13;18.86;55.62;981.01;0.16;443;302;1518153750
483;12;18.88;55.28;980.99;0.17;448;283;1518153780
481;12;18.9;57.68;981.04;0.14;451;296;1518153810
476;11;18.91;54.58;980.97;0.19;460;295;1518153840
463;9;18.89;53.75;981.01;0.18;461;292;1518153870
463;9;18.91;55.14;981.02;0.17;470;302;1518153900
460;9;18.91;55.40;981.06;0.19;474;295;1518153930
460;9;18.89;54.02;980.99;0.14;475;304;1518153960
460;9;18.88;55.13;981.01;0.15;481;298;1518153990
463;9;18.91;54.83;980.96;0.13;486;288;1518154020
472;10;18.93;55.23;981.06;0.14;485;293;1518154050
472;10;18.89;52.39;981.04;0.2;492;302;1518154080
472;10;18.91;54.16;981.17;0.16;502;301;1518154110
476;11;18.93;55.84;981.14;0.07;505;305;1518154140
472;10;18.96;54.73;981.11;0.18;511;292;1518154170
460;9;18.93;53.73;981.10;0.13;518;292;1518154200
472;10;18.96;54.80;981.06;0.18;527;298;1518154230
460;9;18.95;53.67;981.09;0.17;530;301;1518154260
463;9;18.93;54.64;980.98;0.15;539;291;1518154290
460;9;18.95;55.37;981.08;0.2;546;312;1518154320
460;9;18.97;55.88;981.08;0.18;556;312;1518154350
451;7;18.96;53.71;981.09;0.23;567;308;1518154380
463;9;18.98;53.82;981.04;0.2;577;302;1518154410
463;9;18.97;54.64;981.07;0.26;588;320;1518154440
472;10;18.99;54.87;981.03;0.25;595;324;1518154470
463;9;18.98;53.98;981.09;0.24;613;306;1518154500
463;9;18.97;54.83;981.07;0.22;625;315;1518154530
460;9;18.94;54.54;981.01;0.25;636;320;1518154560
463;9;18.97;54.53;981.06;0.22;650;326;1518154590
460;9;18.96;56.06;981.03;0.28;662;322;1518154620
455;8;18.97;54.51;981.10;0.28;674;317;1518154650
460;9;18.97;54.60;981.05;0.25;683;312;1518154680
445;6;18.97;54.46;981.03;0.3;687;315;1518154710
455;8;18.96;55.59;981.09;0.31;696;314;1518154740
460;9;18.98;54.94;981.13;0.29;708;316;1518154770
445;6;18.97;53.99;981.06;0.22;717;336;1518154800
455;8;18.96;53.62;981.16;0.28;728;337;1518154830
460;9;18.97;53.91;981.11;0.29;735;330;1518154860
455;8;18.98;54.62;981.12;0.34;746;341;1518154890
455;8;18.97;54.44;981.09;0.28;758;344;1518154920
455;8;18.97;54.86;981.14;0.32;772;342;1518154950
451;7;18.96;54.22;981.06;0.34;782;339;1518154980
445;6;18.98;54.59;981.12;0.32;793;333;1518155010
455;8;18.94;54.45;981.24;0.34;806;344;1518155040
451;7;18.93;54.18;981.08;0.37;818;345;1518155070
455;8;18.93;54.85;981.04;0.33;828;343;1518155100
451;7;18.91;54.53;981.13;0.35;833;348;1518155130
451;7;18.93;54.86;981.08;0.32;850;341;1518155160
442;6;18.95;53.62;981.08;0.36;856;341;1518155190
451;7;18.96;54.74;981.15;0.37;870;349;1518155220
455;8;18.97;55.65;981.14;0.38;880;348;1518155250
455;8;18.98;54.91;981.10;0.4;891;362;1518155280
451;7;18.99;55.49;981.21;0.37;901;356;1518155310
445;6;19.01;53.64;981.19;0.41;909;347;1518155340
445;6;19.01;53.97;981.15;0.36;918;357;1518155370
442;6;19.0;54.15;981.14;0.41;920;358;1518155400
451;7;19.03;53.66;981.14;0.41;937;361;1518155430
439;5;19.03;54.20;981.20;0.4;942;362;1518155460
434;5;19.01;53.84;981.24;0.43;948;354;1518155490
445;6;19.03;53.75;981.26;0.43;960;362;1518155520
445;6;19.04;54.31;981.20;0.41;972;369;1518155550
445;6;19.05;53.69;981.19;0.4;973;359;1518155580
445;6;19.03;53.16;981.15;0.45;981;365;1518155610
439;5;19.02;54.10;981.13;0.46;989;356;1518155640
439;5;19.02;54.25;981.16;0.47;997;382;1518155670
451;7;19.03;54.44;981.21;0.48;1017;367;1518155700
445;6;19.02;54.22;981.14;0.51;1026;373;1518155730
445;6;19.04;55.47;981.20;0.56;1038;376;1518155760
451;7;19.06;54.53;981.20;0.5;1057;370;1518155790
439;5;19.09;54.36;981.15;0.48;1062;384;1518155820
451;7;19.1;54.09;981.14;0.49;1076;377;1518155850
442;6;19.09;54.47;981.25;0.57;1089;367;1518155880
455;8;19.11;54.28;981.21;0.53;1095;378;1518155910
455;8;19.1;53.60;981.16;0.52;1104;385;1518155940
455;8;19.11;53.33;981.21;0.56;1119;369;1518155970
455;8;19.08;55.72;981.18;0.51;1124;393;1518156000
455;8;19.04;55.05;981.23;0.55;1136;388;1518156030
445;6;19.02;54.93;981.32;0.5;1140;390;1518156060
455;8;19.0;54.49;981.28;0.54;1151;382;1518156090
451;7;18.97;55.22;981.28;0.6;1159;380;1518156120
442;6;18.93;55.90;981.33;0.62;1169;381;1518156150
451;7;18.91;55.75;981.28;0.58;1176;384;1518156180
451;7;18.87;55.96;981.23;0.57;1187;396;1518156210
442;6;18.84;53.63;981.31;0.54;1200;389;1518156240
451;7;18.81;55.24;981.26;0.57;1216;396;1518156270
451;7;18.78;55.29;981.24;0.64;1223;391;1518156300
439;5;18.77;56.70;981.27;0.62;1237;392;1518156330
445;6;18.74;54.62;981.34;0.57;1253;415;1518156360
445;6;18.7;55.46;981.32;0.62;1264;400;1518156390
445;6;18.69;55.63;981.29;0.68;1280;408;1518156420
442;6;18.68;55.27;981.27;0.63;1304;411;1518156450
442;6;18.68;54.88;981.31;0.64;1327;410;1518156480
445;6;18.68;55.59;981.33;0.68;1352;424;1518156510
460;9;18.68;54.50;981.42;0.67;1381;417;1518156540
472;10;18.66;55.45;981.32;0.74;1402;432;1518156570
455;8;18.66;54.21;981.34;0.71;1426;427;1518156600
460;9;18.68;55.20;981.35;0.73;1449;429;1518156630
455;8;18.71;55.73;981.34;0.71;1470;416;1518156660
455;8;18.75;54.36;981.29;0.78;1497;425;1518156690
451;7;18.73;55.77;981.34;0.73;1515;438;1518156720
445;6;18.76;54.96;981.33;0.78;1532;444;1518156750
445;6;18.8;54.95;981.33;0.75;1555;437;1518156780
445;6;18.81;55.40;981.31;0.81;1562;457;1518156810
451;7;18.79;54.28;981.33;0.81;1585;449;1518156840
451;7;18.75;55.16;981.33;0.79;1604;451;1518156870
445;6;18.76;55.16;981.36;0.85;1612;455;1518156900
445;6;18.78;54.65;981.40;0.86;1629;465;1518156930
445;6;18.78;53.93;981.32;0.85;1649;453;1518156960
442;6;18.8;56.02;981.26;0.86;1659;452;1518156990
442;6;18.78;55.53;981.37;0.89;1681;453;1518157020
451;7;18.8;55.25;981.35;0.88;1689;463;1518157050
451;7;18.79;55.25;981.28;0.87;1709;462;1518157080
445;6;18.78;53.86;981.34;0.89;1718;463;1518157110
445;6;18.82;53.93;981.36;0.88;1740;463;1518157140
445;6;18.85;54.77;981.31;0.89;1750;474;1518157170
442;6;18.87;55.20;981.30;0.95;1776;473;1518157200
439;5;18.91;55.36;981.31;0.94;1794;472;1518157230
442;6;18.95;54.36;981.28;0.95;1808;484;1518157260
439;5;18.97;54.72;981.33;0.96;1828;481;1518157290
439;5;18.99;56.32;981.39;0.96;1865;482;1518157320
442;6;19.02;54.14;981.38;1.0;1862;498;1518157350
439;5;19.05;54.58;981.40;0.94;1895;491;1518157380
439;5;19.08;54.58;981.38;0.96;1913;486;1518157410
439;5;19.1;53.20;981.40;0.99;1930;496;1518157440
445;6;19.1;53.85;981.40;1.0;1947;491;1518157470
442;6;19.11;54.22;981.33;0.96;1958;500;1518157500
434;5;19.12;53.68;981.41;1.01;1975;508;1518157530
434;5;19.16;54.42;981.45;1.09;1987;508;1518157560
428;4;19.17;55.45;981.40;1.02;2004;507;1518157590
442;6;19.16;54.36;981.44;1.04;2025;508;1518157620
428;4;19.19;52.07;981.49;1.09;2038;509;1518157650
428;4;19.2;53.79;981.46;1.07;2063;512;1518157680
434;5;19.21;53.12;981.45;1.11;2087;517;1518157710
424;3;19.2;53.56;981.47;1.11;2110;518;1518157740
428;4;19.22;53.43;981.45;1.18;2143;523;1518157770
416;2;19.22;54.67;981.48;1.15;2173;520;1518157800
424;3;19.22;53.35;981.43;1.21;2207;537;1518157830
424;3;19.22;55.20;981.43;1.12;2241;539;1518157860
428;4;19.22;53.23;981.50;1.17;2267;542;1518157890
428;4;19.23;52.99;981.48;1.19;2303;548;1518157920
416;2;19.22;52.58;981.57;1.23;2342;551;1518157950
416;2;19.22;53.27;981.60;1.2;2374;551;1518157980
428;4;19.27;52.68;981.55;1.26;2404;564;1518158010
428;4;19.27;53.68;981.60;1.26;2441;563;1518158040
424;3;19.28;52.32;981.63;1.33;2470;582;1518158070
424;3;19.28;53.36;981.56;1.3;2498;575;1518158100
428;4;19.3;52.84;981.56;1.35;2528;589;1518158130
428;4;19.32;52.39;981.53;1.35;2568;576;1518158160
424;3;19.33;53.06;981.55;1.33;2601;585;1518158190
434;5;19.35;53.00;981.57;1.41;2634;594;1518158220
420;3;19.36;53.07;981.59;1.38;2684;599;1518158250
434;5;19.36;52.04;981.50;1.45;2706;612;1518158280
434;5;19.38;53.73;981.48;1.44;2727;601;1518158310
428;4;19.39;53.27;981.53;1.48;2760;604;1518158340
424;3;19.41;52.38;981.54;1.46;2783;607;1518158370
434;5;19.42;52.11;981.51;1.56;2799;610;1518158400
439;5;19.42;52.51;981.58;1.51;2814;625;1518158430
424;3;19.42;52.94;981.45;1.51;2822;618;1518158460
428;4;19.45;52.86;981.48;1.53;2835;624;1518158490
434;5;19.45;53.59;981.50;1.57;2832;626;1518158520
434;5;19.45;52.45;981.58;1.55;2826;613;1518158550
428;4;19.46;52.22;981.51;1.55;2825;613;1518158580
442;6;19.45;53.12;981.62;1.47;2805;622;1518158610
439;5;19.46;52.21;981.47;1.48;2792;628;1518158640
428;4;19.46;53.45;981.59;1.53;2787;619;1518158670
439;5;19.47;52.75;981.59;1.5;2781;615;1518158700
428;4;19.49;52.94;981.66;1.48;2809;618;1518158730
434;5;19.5;52.59;981.65;1.49;2814;609;1518158760
439;5;19.49;53.33;981.59;1.49;2830;619;1518158790
428;4;19.51;53.56;981.69;1.51;2854;620;1518158820
428;4;19.52;52.59;981.56;1.52;2875;628;1518158850
439;5;19.53;52.63;981.51;1.54;2902;624;1518158880
428;4;19.53;53.69;981.55;1.53;2918;634;1518158910
420;3;19.54;52.23;981.53;1.58;2931;637;1518158940
434;5;19.53;52.84;981.60;1.51;2928;627;1518158970
434;5;19.56;52.59;981.56;1.58;2917;624;1518159000
434;5;19.53;52.34;981.53;1.58;2916;630;1518159030
434;5;19.53;51.79;981.62;1.55;2890;625;1518159060
439;5;19.53;52.56;981.60;1.57;2878;633;1518159090
439;5;19.54;52.49;981.60;1.57;2863;631;1518159120
439;5;19.54;52.47;981.60;1.54;2843;623;1518159150
439;5;19.54;51.70;981.64;1.58;2827;619;1518159180
445;6;19.52;52.95;981.60;1.59;2825;621;1518159210
455;8;19.53;52.70;981.60;1.54;2800;622;1518159240
460;9;19.54;52.09;981.63;1.49;2785;600;1518159270
451;7;19.54;53.71;981.66;1.47;2761;604;1518159300
463;9;19.54;53.17;981.58;1.41;2736;617;1518159330
455;8;19.53;53.38;981.70;1.5;2726;601;1518159360
463;9;19.51;53.02;981.58;1.46;2702;600;1518159390
460;9;19.51;53.03;981.64;1.48;2685;602;1518159420
463;9;19.49;53.72;981.65;1.44;2664;600;1518159450
483;12;19.49;53.40;981.62;1.39;2649;608;1518159480
488;13;19.49;54.35;981.70;1.41;2635;586;1518159510
481;12;19.48;53.12;981.62;1.43;2623;594;1518159540
495;14;19.48;53.55;981.61;1.44;2602;591;1518159570
488;13;19.48;53.71;981.57;1.44;2587;585;1518159600
503;15;19.49;54.12;981.62;1.39;2563;587;1518159630
514;17;19.48;54.21;981.57;1.36;2537;597;1518159660
514;17;19.49;54.43;981.63;1.34;2518;580;1518159690
519;18;19.49;53.75;981.58;1.29;2490;569;1518159720
519;18;19.51;53.90;981.63;1.33;2464;569;1518159750
503;15;19.51;52.14;981.69;1.34;2432;560;1518159780
503;15;19.53;53.60;981.64;1.29;2400;575;1518159810
519;18;19.53;53.75;981.62;1.27;2371;570;1518159840
514;17;19.55;54.55;981.64;1.23;2344;557;1518159870
514;17;19.56;54.20;981.66;1.25;2339;561;1518159900
500;15;19.54;51.80;981.61;1.28;2320;546;1518159930
514;17;19.55;53.57;981.59;1.25;2329;564;1518159960
503;15;19.56;53.26;981.66;1.29;2337;547;1518159990
519;18;19.58;51.77;981.61;1.28;2356;566;1518160020
514;17;19.58;54.04;981.64;1.28;2373;556;1518160050
514;17;19.58;53.33;981.67;1.31;2404;560;1518160080
500;15;19.59;54.79;981.64;1.28;2422;563;1518160110
500;15;19.61;53.79;981.69;1.33;2444;568;1518160140
503;15;19.6;53.50;981.65;1.34;2453;572;1518160170
514;17;19.6;53.94;981.69;1.29;2450;572;1518160200
503;15;19.62;52.63;981.71;1.32;2457;575;1518160230
495;14;19.6;53.65;981.67;1.3;2453;565;1518160260
503;15;19.61;54.20;981.68;1.32;2438;568;1518160290
503;15;19.6;53.02;981.66;1.27;2439;568;1518160320
500;15;19.6;52.66;981.70;1.28;2460;588;1518160350
503;15;19.6;52.21;981.67;1.31;2480;568;1518160380
519;18;19.6;53.63;981.62;1.38;2541;580;1518160410
519;18;19.6;53.56;981.70;1.37;2542;587;1518160440
519;18;19.61;53.34;981.66;1.39;2590;608;1518160470
503;15;19.61;53.38;981.68;1.36;2624;590;1518160500
519;18;19.61;53.85;981.70;1.36;2646;610;1518160530
514;17;19.6;52.25;981.70;1.44;2665;605;1518160560
503;15;19.62;53.16;981.69;1.43;2684;604;1518160590
514;17;19.65;52.79;981.71;1.43;2680;598;1518160620
514;17;19.63;52.01;981.74;1.42;2679;614;1518160650
514;17;19.67;53.87;981.70;1.44;2646;606;1518160680
519;18;19.65;53.37;981.65;1.46;2618;589;1518160710
514;17;19.66;52.59;981.68;1.37;2583;598;1518160740
519;18;19.64;52.94;981.69;1.37;2544;587;1518160770
514;17;19.66;53.85;981.71;1.33;2508;583;1518160800
514;17;19.67;53.48;981.78;1.33;2469;575;1518160830
503;15;19.69;53.00;981.73;1.3;2449;570;1518160860
530;19;19.67;52.06;981.74;1.33;2429;568;1518160890
533;20;19.68;53.34;981.73;1.3;2420;568;1518160920
519;18;19.66;52.90;981.68;1.27;2434;564;1518160950
530;19;19.67;53.12;981.68;1.32;2444;570;1518160980
530;19;19.67;51.87;981.72;1.32;2450;560;1518161010
530;19;19.67;51.92;981.75;1.3;2461;568;1518161040
564;24;19.67;53.70;981.70;1.31;2456;573;1518161070
770;56;19.67;52.99;981.72;1.32;2452;573;1518161100
660;39;19.67;53.33;981.71;1.36;2446;582;1518161130
623;33;19.69;52.52;981.68;1.29;2420;572;1518161160
602;30;19.7;52.86;981.70;1.3;2396;566;1518161190
596;29;19.69;52.92;981.73;1.33;2375;568;1518161220
596;29;19.71;52.78;981.68;1.28;2358;565;1518161250
596;29;19.72;52.54;981.72;1.25;2331;558;1518161280
596;29;19.7;52.97;981.73;1.2;2307;553;1518161310
596;29;19.7;52.43;981.74;1.22;2292;550;1518161340
596;29;19.69;53.31;981.75;1.19;2272;543;1518161370
581;27;19.7;51.83;981.69;1.2;2256;547;1518161400
581;27;19.7;52.74;981.75;1.14;2237;533;1518161430
581;27;19.69;53.13;981.72;1.22;2227;530;1518161460
575;26;19.69;52.66;981.74;1.21;2207;543;1518161490
575;26;19.68;52.87;981.75;1.17;2194;532;1518161520
581;27;19.67;53.81;981.69;1.12;2173;525;1518161550
570;25;19.7;53.65;981.77;1.19;2160;519;1518161580
581;27;19.69;52.82;981.72;1.15;2151;530;1518161610
570;25;19.69;52.12;981.72;1.16;2136;525;1518161640
581;27;19.69;52.64;981.80;1.11;2134;527;1518161670
581;27;19.68;53.23;981.77;1.14;2135;516;1518161700
575;26;19.68;53.51;981.77;1.11;2138;528;1518161730
564;24;19.69;52.62;981.77;1.16;2147;532;1518161760
581;27;19.68;52.21;981.82;1.21;2171;527;1518161790
575;26;19.69;53.11;981.84;1.19;2191;535;1518161820
575;26;19.69;54.58;981.73;1.22;2244;555;1518161850
581;27;19.7;52.65;981.78;1.2;2293;556;1518161880
575;26;19.71;52.88;981.82;1.27;2342;553;1518161910
564;24;19.7;53.44;981.84;1.24;2374;561;1518161940
564;24;19.71;52.42;981.83;1.32;2414;575;1518161970
556;23;19.72;52.59;981.80;1.33;2455;575;1518162000
570;25;19.71;52.69;981.89;1.36;2479;591;1518162030
556;23;19.72;52.09;981.79;1.38;2504;581;1518162060
551;23;19.72;52.39;981.78;1.44;2535;595;1518162090
570;25;19.73;51.95;981.84;1.39;2552;594;1518162120
556;23;19.73;52.52;981.76;1.44;2565;596;1518162150
551;23;19.74;51.64;981.85;1.42;2588;599;1518162180
551;23;19.74;50.82;981.88;1.45;2602;607;1518162210
551;23;19.74;52.34;981.90;1.42;2620;615;1518162240
551;23;19.75;52.50;981.91;1.42;2634;607;1518162270
551;23;19.75;52.72;981.93;1.48;2647;606;1518162300
556;23;19.76;52.29;981.86;1.46;2665;605;1518162330
551;23;19.74;51.93;981.95;1.4;2664;602;1518162360
551;23;19.75;51.58;981.91;1.49;2649;597;1518162390
539;21;19.76;51.27;981.97;1.42;2633;607;1518162420
530;19;19.77;52.19;981.97;1.49;2606;599;1518162450
524;18;19.75;52.82;981.99;1.45;2593;578;1518162480
519;18;19.76;53.49;981.94;1.41;2558;596;1518162510
519;18;19.77;51.40;981.95;1.38;2523;582;1518162540
519;18;19.77;52.51;981.99;1.4;2495;590;1518162570
514;17;19.75;51.85;981.96;1.33;2470;574;1518162600
519;18;19.77;50.55;981.91;1.3;2438;582;1518162630
519;18;19.78;53.47;981.98;1.3;2411;577;1518162660
524;18;19.76;52.13;981.93;1.27;2382;568;1518162690
519;18;19.75;52.47;981.95;1.27;2361;562;1518162720
530;19;19.75;52.11;981.98;1.23;2344;563;1518162750
533;20;19.74;52.61;981.97;1.25;2325;563;1518162780
533;20;19.73;51.92;981.96;1.29;2308;554;1518162810
530;19;19.72;52.48;982.00;1.25;2299;544;1518162840
539;21;19.73;52.63;982.07;1.24;2300;556;1518162870
548;22;19.73;51.54;982.01;1.21;2311;550;1518162900
548;22;19.73;52.71;981.98;1.25;2327;570;1518162930
548;22;19.72;53.16;982.00;1.25;2347;553;1518162960
533;20;19.7;52.65;982.04;1.26;2385;566;1518162990
548;22;19.71;51.86;982.01;1.31;2428;583;1518163020
556;23;19.71;53.52;982.00;1.39;2477;574;1518163050
556;23;19.7;52.40;982.02;1.4;2522;580;1518163080
556;23;19.69;53.05;981.97;1.45;2565;590;1518163110
556;23;19.68;53.14;982.03;1.45;2592;595;1518163140
556;23;19.7;52.67;982.07;1.45;2631;599;1518163170
548;22;19.69;53.17;982.05;1.5;2653;605;1518163200
556;23;19.69;52.34;982.10;1.49;2662;608;1518163230
564;24;19.69;52.87;982.01;1.42;2662;604;1518163260
564;24;19.7;52.96;982.06;1.44;2661;597;1518163290
564;24;19.67;53.49;982.06;1.45;2661;607;1518163320
564;24;19.67;53.80;982.00;1.46;2639;596;1518163350
551;23;19.67;53.63;982.06;1.5;2648;595;1518163380
564;24;19.67;53.35;982.08;1.46;2631;596;1518163410
564;24;19.67;53.59;982.14;1.49;2636;602;1518163440
556;23;19.67;53.33;982.13;1.44;2634;612;1518163470
548;22;19.66;54.30;982.09;1.4;2634;609;1518163500
551;23;19.68;53.56;982.11;1.45;2638;609;1518163530
539;21;19.68;52.73;982.09;1.43;2659;612;1518163560
551;23;19.68;53.64;982.01;1.42;2653;597;1518163590
581;27;19.69;53.76;981.99;1.41;2662;608;1518163620
623;33;19.69;53.16;982.03;1.48;2674;599;1518163650
637;36;19.7;53.16;982.03;1.47;2688;619;1518163680
623;33;19.69;53.56;982.01;1.45;2695;617;1518163710
615;32;19.69;52.10;982.10;1.44;2711;617;1518163740
607;31;19.7;52.10;982.05;1.51;2730;611;1518163770
623;33;19.72;52.78;982.06;1.54;2746;597;1518163800
629;34;19.71;53.62;982.01;1.57;2765;622;1518163830
615;32;19.71;52.86;981.98;1.53;2778;617;1518163860
629;34;19.69;52.95;982.14;1.52;2791;613;1518163890
637;36;19.69;52.12;982.09;1.55;2807;632;1518163920
629;34;19.69;53.25;982.08;1.55;2821;617;1518163950
607;31;19.7;53.31;982.16;1.55;2829;613;1518163980
607;31;19.71;52.51;981.96;1.54;2843;643;1518164010
623;33;19.71;52.69;982.15;1.61;2870;646;1518164040
623;33;19.71;53.72;982.05;1.62;2892;654;1518164070
615;32;19.72;52.43;982.00;1.6;2910;640;1518164100
615;32;19.72;53.05;982.07;1.66;2952;650;1518164130
615;32;19.73;53.67;982.03;1.62;2970;649;1518164160
615;32;19.72;53.13;982.08;1.59;2997;643;1518164190
623;33;19.75;52.04;982.10;1.7;3036;647;1518164220
629;34;19.74;52.10;982.04;1.75;3070;667;1518164250
623;33;19.73;52.31;982.08;1.76;3113;655;1518164280
629;34;19.72;52.63;982.23;1.75;3159;686;1518164310
637;36;19.73;53.00;982.09;1.82;3205;682;1518164340
637;36;19.76;53.44;982.08;1.76;3249;685;1518164370
637;36;19.78;52.26;982.07;1.84;3304;688;1518164400
629;34;19.78;52.89;982.09;1.82;3340;699;1518164430
629;34;19.78;52.82;982.10;1.93;3381;714;1518164460
629;34;19.79;52.58;982.12;1.91;3407;716;1518164490
629;34;19.79;52.49;982.09;1.89;3438;705;1518164520
629;34;19.81;53.32;982.11;1.97;3472;703;1518164550
629;34;19.84;52.29;982.17;1.97;3483;719;1518164580
623;33;19.82;52.53;982.13;1.93;3487;724;1518164610
629;34;19.81;52.86;982.15;1.97;3493;728;1518164640
623;33;19.86;53.87;982.16;1.95;3482;719;1518164670
629;34;19.88;52.28;982.12;1.91;3479;719;1518164700
607;31;19.89;52.75;982.10;1.89;3466;720;1518164730
623;33;19.89;53.45;982.16;1.89;3447;723;1518164760
615;32;19.9;52.62;982.19;1.93;3440;707;1518164790
602;30;19.92;53.02;982.23;1.9;3438;725;1518164820
602;30;19.92;52.53;982.17;1.89;3417;710;1518164850
623;33;19.92;53.84;982.27;1.83;3393;705;1518164880
615;32;19.92;52.42;982.20;1.9;3404;716;1518164910
623;33;19.93;53.00;982.20;1.95;3385;705;1518164940
607;31;19.93;53.51;982.20;1.91;3406;716;1518164970
623;33;19.92;51.34;982.17;1.88;3422;705;1518165000
615;32;19.94;52.08;982.22;1.9;3433;725;1518165030
623;33;19.94;53.51;982.24;1.94;3432;708;1518165060
623;33;19.94;51.80;982.24;1.91;3430;702;1518165090
623;33;19.95;52.82;982.23;1.91;3400;705;1518165120
623;33;19.96;53.04;982.22;1.86;3345;700;1518165150
607;31;19.95;52.90;982.25;1.79;3293;691;1518165180
629;34;19.95;52.37;982.24;1.8;3217;690;1518165210
623;33;19.92;52.80;982.25;1.78;3154;670;1518165240
623;33;19.9;53.59;982.17;1.72;3087;669;1518165270
623;33;19.84;53.16;982.18;1.61;3035;642;1518165300
615;32;19.81;53.03;982.20;1.64;2982;647;1518165330
602;30;19.77;52.96;982.19;1.65;2932;634;1518165360
607;31;19.74;53.92;982.13;1.66;2897;645;1518165390
589;28;19.74;54.18;982.19;1.62;2877;630;1518165420
581;27;19.72;54.34;982.26;1.59;2843;623;1518165450
602;30;19.72;53.48;982.16;1.54;2831;624;1518165480
589;28;19.71;54.86;982.17;1.52;2818;620;1518165510
589;28;19.72;53.60;982.16;1.59;2815;630;1518165540
607;31;19.76;53.45;982.21;1.59;2804;628;1518165570
589;28;19.77;53.25;982.14;1.53;2800;628;1518165600
602;30;19.8;53.03;982.15;1.48;2786;625;1518165630
581;27;19.81;52.79;982.22;1.51;2759;620;1518165660
581;27;19.8;53.15;982.09;1.54;2752;624;1518165690
589;28;19.82;51.48;982.17;1.46;2733;618;1518165720
589;28;19.81;53.79;982.15;1.51;2714;614;1518165750
589;28;19.84;54.00;982.13;1.48;2694;603;1518165780
581;27;19.85;53.27;982.22;1.44;2675;606;1518165810
581;27;19.82;53.08;982.23;1.41;2664;597;1518165840
575;26;19.85;54.23;982.20;1.46;2660;608;1518165870
575;26;19.85;53.79;982.21;1.46;2665;609;1518165900
581;27;19.85;53.26;982.18;1.44;2630;601;1518165930
581;27;19.87;53.09;982.18;1.41;2617;591;1518165960
575;26;19.86;53.88;982.19;1.43;2604;596;1518165990
581;27;19.87;53.58;982.19;1.43;2609;597;1518166020
581;27;19.88;51.76;982.26;1.44;2593;595;1518166050
589;28;19.87;54.51;982.18;1.42;2562;587;1518166080
589;28;19.88;53.53;982.24;1.38;2533;579;1518166110
581;27;19.86;54.07;982.19;1.4;2516;577;1518166140
575;26;19.88;53.19;982.26;1.34;2496;584;1518166170
575;26;19.88;53.12;982.21;1.36;2489;573;1518166200
564;24;19.86;53.95;982.19;1.38;2476;576;1518166230
564;24;19.86;52.97;982.21;1.3;2463;576;1518166260
564;24;19.86;53.26;982.24;1.3;2456;575;1518166290
556;23;19.84;53.51;982.28;1.34;2461;569;1518166320
556;23;19.85;53.23;982.21;1.39;2468;570;1518166350
551;23;19.84;53.76;982.24;1.35;2470;578;1518166380
556;23;19.82;54.15;982.26;1.36;2476;587;1518166410
551;23;19.82;52.92;982.31;1.36;2466;588;1518166440
551;23;19.85;53.15;982.27;1.36;2447;578;1518166470
551;23;19.83;54.07;982.29;1.32;2431;575;1518166500
551;23;19.83;53.68;982.33;1.3;2423;570;1518166530
533;20;19.84;52.72;982.22;1.36;2418;570;1518166560
548;22;19.81;52.41;982.33;1.29;2403;573;1518166590
539;21;19.82;53.42;982.31;1.32;2388;559;1518166620
551;23;19.79;53.37;982.28;1.32;2362;568;1518166650
548;22;19.81;53.45;982.34;1.29;2353;553;1518166680
548;22;19.81;53.44;982.26;1.26;2330;560;1518166710
539;21;19.82;53.76;982.24;1.26;2309;561;1518166740
548;22;19.81;52.46;982.29;1.21;2265;554;1518166770
530;19;19.84;53.46;982.33;1.22;2242;553;1518166800
539;21;19.84;53.42;982.23;1.19;2207;547;1518166830
519;18;19.82;53.01;982.25;1.2;2208;537;1518166860
524;18;19.85;53.39;982.27;1.17;2181;536;1518166890
519;18;19.82;54.57;982.29;1.18;2177;544;1518166920
514;17;19.79;53.88;982.29;1.17;2172;533;1518166950
519;18;19.79;54.42;982.29;1.15;2173;541;1518166980
524;18;19.79;53.54;982.23;1.17;2172;533;1518167010
530;19;19.81;53.61;982.24;1.14;2158;539;1518167040
533;20;19.85;52.86;982.32;1.15;2156;529;1518167070
539;21;19.84;53.27;982.31;1.17;2131;531;1518167100
530;19;19.85;54.17;982.26;1.17;2129;528;1518167130
533;20;19.84;53.30;982.25;1.12;2127;532;1518167160
533;20;19.84;52.01;982.33;1.17;2131;524;1518167190
533;20;19.84;52.33;982.27;1.09;2132;531;1518167220
539;21;19.83;54.41;982.31;1.1;2137;541;1518167250
539;21;19.86;56.00;982.33;1.16;2135;527;1518167280
564;24;19.86;55.12;982.32;1.13;2143;526;1518167310
564;24;19.87;52.86;982.28;1.19;2156;529;1518167340
575;26;19.87;51.61;982.41;1.18;2168;545;1518167370
657;39;19.88;53.05;982.36;1.17;2173;550;1518167400
853;69;19.88;52.86;982.36;1.17;2177;545;1518167430
798;60;19.89;52.55;982.36;1.2;2197;535;1518167460
844;67;19.89;52.15;982.28;1.16;2204;542;1518167490
972;87;19.88;53.40;982.32;1.15;2200;536;1518167520
925;79;19.88;52.56;982.33;1.18;2217;538;1518167550
951;83;19.88;54.83;982.38;1.2;2208;543;1518167580
935;81;19.89;53.11;982.39;1.21;2223;545;1518167610
915;78;19.89;52.96;982.44;1.16;2227;552;1518167640
951;83;19.89;52.83;982.33;1.17;2229;542;1518167670
961;85;19.87;52.50;982.42;1.2;2225;545;1518167700
951;83;19.88;53.75;982.42;1.13;2240;540;1518167730
1029;95;19.89;53.15;982.40;1.22;2233;554;1518167760
972;87;19.9;55.45;982.44;1.22;2249;549;1518167790
961;85;19.88;54.20;982.41;1.24;2243;544;1518167820
983;88;19.9;53.92;982.41;1.18;2251;539;1518167850
972;87;19.91;52.99;982.35;1.23;2239;545;1518167880
972;87;19.92;53.70;982.34;1.16;2241;539;1518167910
983;88;19.9;52.65;982.45;1.24;2244;546;1518167940
972;87;19.91;52.09;982.50;1.17;2244;553;1518167970
1001;91;19.92;52.93;982.39;1.18;2242;543;1518168000
983;88;19.93;52.74;982.38;1.26;2240;536;1518168030
983;88;19.94;51.43;982.36;1.22;2248;553;1518168060
983;88;19.94;53.33;982.44;1.25;2245;546;1518168090
1001;91;19.96;51.84;982.45;1.16;2267;544;1518168120
972;87;19.95;52.82;982.39;1.21;2285;569;1518168150
961;85;19.96;53.07;982.42;1.22;2303;550;1518168180
951;83;19.97;52.94;982.41;1.27;2333;566;1518168210
935;81;19.95;52.31;982.43;1.26;2353;576;1518168240
961;85;19.96;52.75;982.50;1.22;2376;560;1518168270
972;87;19.97;53.31;982.46;1.34;2395;573;1518168300
983;88;19.97;52.60;982.41;1.32;2405;574;1518168330
1001;91;19.98;51.86;982.37;1.3;2418;571;1518168360
972;87;19.97;52.14;982.42;1.34;2433;566;1518168390
1001;91;19.98;52.23;982.39;1.33;2459;574;1518168420
1012;93;19.97;53.68;982.44;1.37;2488;584;1518168450
1012;93;19.96;53.57;982.41;1.38;2509;580;1518168480
961;85;19.96;53.12;982.37;1.44;2530;593;1518168510
983;88;19.99;53.29;982.34;1.31;2557;597;1518168540
972;87;19.99;53.05;982.42;1.41;2567;597;1518168570
972;87;19.99;54.00;982.39;1.4;2610;612;1518168600
972;87;20.01;52.05;982.40;1.44;2641;600;1518168630
951;83;20.02;52.30;982.51;1.46;2667;609;1518168660
951;83;20.04;53.29;982.52;1.46;2676;606;1518168690
935;81;20.05;53.79;982.50;1.48;2683;605;1518168720
925;79;20.03;53.79;982.54;1.49;2668;604;1518168750
951;83;20.06;52.14;982.57;1.5;2650;609;1518168780
935;81;20.06;53.95;982.47;1.45;2615;602;1518168810
925;79;20.07;53.77;982.54;1.41;2578;601;1518168840
925;79;20.07;52.73;982.47;1.38;2541;582;1518168870
915;78;20.07;52.99;982.59;1.36;2495;580;1518168900
907;77;20.06;51.68;982.52;1.34;2458;570;1518168930
907;77;20.08;51.67;982.51;1.32;2426;570;1518168960
915;78;20.08;53.48;982.47;1.36;2389;582;1518168990
915;78;20.08;52.68;982.48;1.29;2367;560;1518169020
895;75;20.07;52.35;982.50;1.3;2363;564;1518169050
885;73;20.09;53.22;982.51;1.28;2358;561;1518169080
885;73;20.08;52.88;982.48;1.31;2347;560;1518169110
874;72;20.09;52.51;982.48;1.25;2348;556;1518169140
874;72;20.07;53.15;982.54;1.3;2349;570;1518169170
874;72;20.08;52.27;982.47;1.27;2345;553;1518169200
853;69;20.09;51.66;982.55;1.23;2337;566;1518169230
868;71;20.09;51.09;982.48;1.26;2328;563;1518169260
853;69;20.07;52.50;982.46;1.23;2325;561;1518169290
868;71;20.09;53.25;982.52;1.23;2316;565;1518169320
844;67;20.1;52.35;982.57;1.26;2315;552;1518169350
853;69;20.09;53.07;982.55;1.26;2300;571;1518169380
834;66;20.07;52.45;982.54;1.18;2294;560;1518169410
853;69;20.09;52.27;982.59;1.25;2282;567;1518169440
853;69;20.08;54.05;982.62;1.21;2277;554;1518169470
834;66;20.09;52.92;982.52;1.31;2287;546;1518169500
825;64;20.11;52.65;982.50;1.21;2291;553;1518169530
844;67;20.1;52.67;982.53;1.23;2292;537;1518169560
834;66;20.1;52.47;982.55;1.27;2300;543;1518169590
825;64;20.1;50.99;982.56;1.26;2298;553;1518169620
825;64;20.1;52.63;982.60;1.24;2304;558;1518169650
825;64;20.11;52.94;982.61;1.25;2303;542;1518169680
813;62;20.1;52.05;982.60;1.25;2303;556;1518169710
813;62;20.09;54.72;982.68;1.25;2309;565;1518169740
813;62;20.11;52.55;982.60;1.3;2311;549;1518169770
798;60;20.1;52.10;982.57;1.26;2308;548;1518169800
813;62;20.11;52.45;982.60;1.32;2316;553;1518169830
806;61;20.11;52.78;982.60;1.24;2330;566;1518169860
798;60;20.14;52.31;982.59;1.23;2340;558;1518169890
798;60;20.13;51.63;982.61;1.28;2354;564;1518169920
770;56;20.14;51.44;982.58;1.27;2359;576;1518169950
770;56;20.13;52.25;982.60;1.28;2353;571;1518169980
787;58;20.13;51.44;982.61;1.2;2332;551;1518170010
798;60;20.15;51.76;982.64;1.21;2310;547;1518170040
787;58;20.13;53.15;982.64;1.19;2285;554;1518170070
798;60;20.15;54.19;982.54;1.21;2255;551;1518170100
787;58;20.17;53.34;982.69;1.25;2249;545;1518170130
798;60;20.17;52.54;982.64;1.18;2230;546;1518170160
787;58;20.15;53.21;982.61;1.22;2216;542;1518170190
752;53;20.16;53.17;982.68;1.18;2202;538;1518170220
752;53;20.13;51.66;982.58;1.25;2195;539;1518170250
798;60;20.12;51.62;982.67;1.18;2194;539;1518170280
798;60;20.1;52.81;982.61;1.17;2195;532;1518170310
798;60;20.05;52.67;982.78;1.25;2211;524;1518170340
770;56;20.0;54.38;982.69;1.13;2210;542;1518170370
776;57;20.0;52.62;982.64;1.2;2236;547;1518170400
770;56;20.01;53.02;982.68;1.21;2261;544;1518170430
776;57;19.98;53.75;982.70;1.25;2289;547;1518170460
776;57;19.95;53.53;982.65;1.23;2316;560;1518170490
776;57;19.93;53.13;982.67;1.24;2342;573;1518170520
770;56;19.89;53.26;982.69;1.28;2372;557;1518170550
761;54;19.86;52.91;982.65;1.28;2390;564;1518170580
752;53;19.88;53.18;982.71;1.3;2409;575;1518170610
752;53;19.85;53.87;982.70;1.39;2432;574;1518170640
761;54;19.84;52.35;982.74;1.28;2449;581;1518170670
744;52;19.8;53.30;982.74;1.34;2456;567;1518170700
761;54;19.78;54.08;982.68;1.35;2462;578;1518170730
744;52;19.76;54.62;982.65;1.35;2471;571;1518170760
744;52;19.74;55.44;982.72;1.3;2475;577;1518170790
737;51;19.73;55.13;982.63;1.39;2472;573;1518170820
708;46;19.73;54.52;982.60;1.36;2483;581;1518170850
717;48;19.71;55.55;982.64;1.38;2489;591;1518170880
686;43;19.69;54.15;982.74;1.32;2491;587;1518170910
686;43;19.68;53.90;982.69;1.36;2492;583;1518170940
671;41;19.67;54.76;982.68;1.31;2487;582;1518170970
657;39;19.66;54.72;982.65;1.35;2476;583;1518171000
640;36;19.68;54.49;982.68;1.37;2468;577;1518171030
637;36;19.7;54.74;982.62;1.32;2457;577;1518171060
615;32;19.69;54.66;982.67;1.35;2432;567;1518171090
615;32;19.7;54.77;982.64;1.33;2429;562;1518171120
581;27;19.7;53.48;982.65;1.3;2402;576;1518171150
581;27;19.73;53.93;982.64;1.28;2407;576;1518171180
596;29;19.74;54.11;982.61;1.3;2400;560;1518171210
581;27;19.78;53.96;982.64;1.25;2392;574;1518171240
581;27;19.77;54.52;982.68;1.33;2397;570;1518171270
589;28;19.78;54.33;982.56;1.26;2398;557;1518171300
589;28;19.77;54.61;982.65;1.31;2393;558;1518171330
570;25;19.74;55.33;982.63;1.35;2405;574;1518171360
564;24;19.76;54.12;982.59;1.33;2413;573;1518171390
556;23;19.79;55.04;982.60;1.33;2412;572;1518171420
551;23;19.8;53.51;982.65;1.32;2417;575;1518171450
548;22;19.83;54.28;982.57;1.36;2421;569;1518171480
539;21;19.83;54.91;982.58;1.3;2420;563;1518171510
548;22;19.85;53.23;982.59;1.29;2427;559;1518171540
533;20;19.82;54.48;982.59;1.3;2420;582;1518171570
514;17;19.86;54.64;982.57;1.32;2428;572;1518171600
514;17;19.86;52.96;982.58;1.31;2426;568;1518171630
514;17;19.84;54.56;982.69;1.32;2411;580;1518171660
503;15;19.88;54.78;982.59;1.3;2409;572;1518171690
488;13;19.89;53.71;982.63;1.34;2410;573;1518171720
500;15;19.88;54.23;982.57;1.36;2408;563;1518171750
500;15;19.88;54.93;982.61;1.3;2412;564;1518171780
495;14;19.86;54.33;982.57;1.39;2416;575;1518171810
483;12;19.85;55.55;982.55;1.34;2426;581;1518171840
483;12;19.85;53.37;982.67;1.4;2427;573;1518171870
483;12;19.85;54.62;982.53;1.35;2439;571;1518171900
481;12;19.86;55.38;982.56;1.38;2444;574;1518171930
476;11;19.87;54.03;982.54;1.31;2451;577;1518171960
460;9;19.85;53.96;982.52;1.36;2459;569;1518171990
472;10;19.83;52.61;982.59;1.4;2460;592;1518172020
472;10;19.82;53.54;982.59;1.35;2467;571;1518172050
463;9;19.85;53.49;982.60;1.38;2479;576;1518172080
455;8;19.85;54.46;982.60;1.38;2491;586;1518172110
451;7;19.85;53.65;982.59;1.36;2494;584;1518172140
442;6;19.85;53.41;982.58;1.32;2507;576;1518172170
439;5;19.88;53.83;982.54;1.36;2525;598;1518172200
445;6;19.86;53.32;982.59;1.38;2544;597;1518172230
442;6;19.85;53.94;982.54;1.39;2579;588;1518172260
445;6;19.84;54.33;982.60;1.37;2612;610;1518172290
451;7;19.82;53.84;982.47;1.48;2650;607;1518172320
460;9;19.86;54.00;982.51;1.46;2674;604;1518172350
472;10;19.82;54.83;982.60;1.51;2751;614;1518172380
483;12;19.84;52.76;982.51;1.5;2748;615;1518172410
495;14;19.87;55.06;982.52;1.54;2786;618;1518172440
495;14;19.88;54.45;982.55;1.52;2817;628;1518172470
514;17;19.88;54.89;982.53;1.6;2844;638;1518172500
519;18;19.89;54.47;982.53;1.59;2861;627;1518172530
533;20;19.89;54.51;982.53;1.6;2883;650;1518172560
539;21;19.89;53.42;982.61;1.59;2891;632;1518172590
524;18;19.9;54.07;982.58;1.62;2905;638;1518172620
519;18;19.91;54.06;982.56;1.56;2916;651;1518172650
524;18;19.9;54.95;982.68;1.63;2926;635;1518172680
519;18;19.91;53.22;982.61;1.65;2931;636;1518172710
519;18;19.91;54.72;982.58;1.65;2930;640;1518172740
514;17;19.9;54.24;982.54;1.62;2924;638;1518172770
503;15;19.9;54.50;982.54;1.62;2940;655;1518172800
514;17;19.91;54.65;982.53;1.66;2942;651;1518172830
503;15;19.91;54.04;982.57;1.64;2943;639;1518172860
503;15;19.91;53.30;982.58;1.62;2948;648;1518172890
503;15;19.92;54.49;982.64;1.57;2945;651;1518172920
519;18;19.91;51.89;982.57;1.65;2941;645;1518172950
519;18;19.9;54.07;982.57;1.61;2924;634;1518172980
514;17;19.9;53.74;982.58;1.59;2921;629;1518173010
488;13;19.9;52.98;982.62;1.54;2921;646;1518173040
495;14;19.88;52.91;982.57;1.6;2908;652;1518173070
488;13;19.9;53.26;982.56;1.59;2895;652;1518173100
476;11;19.9;54.12;982.65;1.59;2881;637;1518173130
481;12;19.89;53.35;982.60;1.57;2863;634;1518173160
481;12;19.9;54.88;982.61;1.56;2876;628;1518173190
476;11;19.9;55.44;982.61;1.57;2848;632;1518173220
472;10;19.9;54.13;982.60;1.54;2827;634;1518173250
463;9;19.89;54.22;982.61;1.51;2830;626;1518173280
455;8;19.89;54.94;982.61;1.53;2806;619;1518173310
460;9;19.91;54.28;982.68;1.51;2800;629;1518173340
455;8;19.89;54.21;982.65;1.54;2787;623;1518173370
451;7;19.89;55.27;982.59;1.49;2760;621;1518173400
451;7;19.91;54.05;982.64;1.51;2755;619;1518173430
445;6;19.91;53.93;982.64;1.49;2735;617;1518173460
439;5;19.9;54.16;982.57;1.52;2731;611;1518173490
434;5;19.89;54.39;982.61;1.51;2723;610;1518173520
442;6;19.9;55.38;982.68;1.43;2713;623;1518173550
434;5;19.91;54.39;982.51;1.43;2696;610;1518173580
434;5;19.92;52.76;982.65;1.46;2684;607;1518173610
428;4;19.92;54.03;982.63;1.51;2675;614;1518173640
428;4;19.92;54.36;982.63;1.42;2647;594;1518173670
416;2;19.94;54.20;982.62;1.49;2636;606;1518173700
420;3;19.93;53.61;982.64;1.41;2632;599;1518173730
416;2;19.93;55.03;982.61;1.42;2620;592;1518173760
414;2;19.94;55.17;982.67;1.42;2624;596;1518173790
407;1;19.96;54.54;982.68;1.43;2627;600;1518173820
407;1;19.98;54.15;982.63;1.45;2638;592;1518173850
408;1;19.96;53.59;982.68;1.44;2647;592;1518173880
408;1;19.98;54.08;982.65;1.45;2652;602;1518173910
408;1;20.0;55.26;982.72;1.48;2667;608;1518173940
401;0;20.01;53.56;982.67;1.5;2684;613;1518173970
406;0;20.0;53.85;982.78;1.49;2712;614;1518174000
400;0;20.0;54.28;982.71;1.5;2731;618;1518174030
411;1;19.99;53.74;982.69;1.46;2749;607;1518174060
407;1;19.99;55.20;982.65;1.52;2774;619;1518174090
407;1;19.99;55.78;982.66;1.55;2801;615;1518174120
402;0;19.98;56.05;982.61;1.52;2829;631;1518174150
415;2;20.0;55.16;982.62;1.59;2865;634;1518174180
408;1;20.01;53.99;982.69;1.62;2898;646;1518174210
400;0;20.0;53.83;982.64;1.66;2927;639;1518174240
414;2;20.0;54.78;982.62;1.67;2953;638;1518174270
409;1;19.99;55.56;982.69;1.65;2987;634;1518174300
406;0;19.99;54.85;982.61;1.68;3032;650;1518174330
409;1;20.01;54.22;982.65;1.69;3044;662;1518174360
405;0;20.01;53.41;982.69;1.69;3062;659;1518174390
409;1;20.0;54.51;982.62;1.69;3083;669;1518174420
409;1;20.02;54.42;982.64;1.69;3106;670;1518174450
407;1;20.03;54.93;982.61;1.73;3123;669;1518174480
400;0;20.04;55.06;982.75;1.78;3122;664;1518174510
400;0;20.06;54.23;982.65;1.72;3130;665;1518174540
407;1;20.07;53.60;982.65;1.74;3136;669;1518174570
405;0;20.07;53.95;982.63;1.74;3130;662;1518174600
405;0;20.07;53.17;982.62;1.69;3141;659;1518174630
400;0;20.07;55.36;982.72;1.75;3152;665;1518174660
409;1;20.06;53.69;982.70;1.71;3163;672;1518174690
409;1;20.06;53.18;982.71;1.71;3172;683;1518174720
400;0;20.05;53.27;982.74;1.74;3194;666;1518174750
409;1;20.05;53.34;982.71;1.8;3201;683;1518174780
409;1;20.04;53.25;982.76;1.74;3195;684;1518174810
409;1;20.04;53.30;982.69;1.83;3192;677;1518174840
409;1;20.05;54.77;982.61;1.79;3192;677;1518174870
405;0;20.07;54.07;982.72;1.78;3167;685;1518174900
407;1;20.06;52.91;982.65;1.73;3147;679;1518174930
400;0;20.04;53.74;982.67;1.79;3116;666;1518174960
407;1;20.05;53.94;982.60;1.67;3102;660;1518174990
407;1;20.03;52.83;982.67;1.72;3081;675;1518175020
400;0;20.04;53.85;982.56;1.7;3064;659;1518175050
405;0;20.03;53.95;982.59;1.71;3046;652;1518175080
400;0;20.05;53.17;982.72;1.65;3034;653;1518175110
400;0;20.04;55.04;982.59;1.66;3039;651;1518175140
409;1;20.06;53.71;982.65;1.65;3032;667;1518175170
409;1;20.05;53.33;982.71;1.7;3020;651;1518175200
413;1;20.06;54.79;982.72;1.71;3030;659;1518175230
409;1;20.06;53.89;982.66;1.64;3037;662;1518175260
403;0;20.06;53.88;982.71;1.69;3026;659;1518175290
403;0;20.04;54.10;982.68;1.62;3022;642;1518175320
403;0;20.04;54.12;982.73;1.7;3006;654;1518175350
403;0;20.05;54.26;982.70;1.66;2982;637;1518175380
408;1;20.08;55.73;982.65;1.66;2962;650;1518175410
408;1;20.06;54.70;982.72;1.66;2969;633;1518175440
414;2;20.05;52.97;982.73;1.61;2969;642;1518175470
405;0;20.06;55.20;982.66;1.61;2972;643;1518175500
405;0;20.06;53.87;982.66;1.65;2981;655;1518175530
400;0;20.08;54.06;982.67;1.67;2991;652;1518175560
400;0;20.1;53.53;982.64;1.64;3009;659;1518175590
409;1;20.1;54.18;982.59;1.64;3020;654;1518175620
400;0;20.09;54.09;982.64;1.7;3041;652;1518175650
400;0;20.1;53.39;982.72;1.68;3050;668;1518175680
400;0;20.11;53.41;982.75;1.72;3059;663;1518175710
409;1;20.1;53.47;982.60;1.74;3077;669;1518175740
408;1;20.12;55.08;982.67;1.69;3067;665;1518175770
400;0;20.11;53.14;982.70;1.71;3103;664;1518175800
408;1;20.13;53.73;982.69;1.7;3102;661;1518175830
407;1;20.12;53.73;982.67;1.77;3108;671;1518175860
407;1;20.12;54.61;982.66;1.67;3115;676;1518175890
407;1;20.13;53.60;982.64;1.71;3128;665;1518175920
407;1;20.14;54.01;982.66;1.78;3133;676;1518175950
407;1;20.15;53.62;982.60;1.77;3139;668;1518175980
407;1;20.12;53.72;982.59;1.72;3134;671;1518176010
407;1;20.16;52.82;982.69;1.72;3151;663;1518176040
402;0;20.16;53.16;982.67;1.76;3141;664;1518176070
407;1;20.15;52.84;982.67;1.72;3151;672;1518176100
402;0;20.17;52.76;982.65;1.74;3152;667;1518176130
400;0;20.17;53.64;982.68;1.7;3159;665;1518176160
400;0;20.18;53.23;982.68;1.75;3173;677;1518176190
400;0;20.18;53.26;982.68;1.74;3182;680;1518176220
402;0;20.21;54.65;982.61;1.76;3204;681;1518176250
402;0;20.21;54.07;982.63;1.81;3208;681;1518176280
402;0;20.21;54.41;982.66;1.76;3219;683;1518176310
409;1;20.21;53.90;982.69;1.83;3242;679;1518176340
411;1;20.21;53.27;982.60;1.78;3254;683;1518176370
400;0;20.22;54.35;982.68;1.84;3270;690;1518176400
406;0;20.22;53.60;982.64;1.86;3292;689;1518176430
400;0;20.21;53.82;982.65;1.81;3296;689;1518176460
406;0;20.2;53.73;982.71;1.84;3305;705;1518176490
406;0;20.2;54.10;982.71;1.8;3331;694;1518176520
406;0;20.19;52.40;982.63;1.91;3356;704;1518176550
409;1;20.19;54.98;982.63;1.88;3369;712;1518176580
413;1;20.2;53.84;982.64;1.91;3389;701;1518176610
407;1;20.19;52.53;982.68;1.91;3424;721;1518176640
407;1;20.19;52.86;982.61;1.96;3461;719;1518176670
413;1;20.19;53.70;982.66;1.93;3487;726;1518176700
400;0;20.19;53.15;982.66;1.94;3510;727;1518176730
407;1;20.2;53.64;982.64;1.97;3532;715;1518176760
400;0;20.19;53.25;982.66;1.99;3543;723;1518176790
407;1;20.19;54.32;982.70;1.95;3540;731;1518176820
403;0;20.2;53.97;982.63;1.98;3542;722;1518176850
400;0;20.2;52.76;982.66;1.95;3527;735;1518176880
405;0;20.21;53.66;982.69;1.94;3526;731;1518176910
408;1;20.2;52.65;982.71;1.98;3507;728;1518176940
408;1;20.21;53.44;982.61;1.91;3490;719;1518176970
408;1;20.21;54.36;982.67;1.93;3464;723;1518177000
405;0;20.23;53.44;982.67;1.93;3446;719;1518177030
405;0;20.21;53.57;982.64;1.86;3431;712;1518177060
400;0;20.21;53.60;982.66;1.87;3418;706;1518177090
409;1;20.21;53.68;982.62;1.93;3398;704;1518177120
409;1;20.2;53.60;982.61;1.93;3374;694;1518177150
409;1;20.18;53.38;982.59;1.87;3341;713;1518177180
409;1;20.19;52.88;982.68;1.89;3320;692;1518177210
405;0;20.19;53.39;982.72;1.87;3290;694;1518177240
405;0;20.18;54.40;982.71;1.75;3261;686;1518177270
409;1;20.19;55.24;982.65;1.8;3228;686;1518177300
405;0;20.19;55.03;982.73;1.74;3200;694;1518177330
400;0;20.18;52.81;982.70;1.76;3172;678;1518177360
407;1;20.19;53.09;982.64;1.72;3138;663;1518177390
402;0;20.21;54.00;982.71;1.76;3106;677;1518177420
407;1;20.19;54.57;982.69;1.68;3081;675;1518177450
407;1;20.18;54.02;982.73;1.7;3052;672;1518177480
400;0;20.19;54.54;982.68;1.72;3016;660;1518177510
400;0;20.2;54.13;982.72;1.64;2989;649;1518177540
410;1;20.21;52.37;982.76;1.7;2959;651;1518177570
410;1;20.19;53.25;982.74;1.57;2929;649;1518177600
406;0;20.19;55.00;982.79;1.6;2885;632;1518177630
410;1;20.19;54.08;982.77;1.52;2827;632;1518177660
408;1;20.19;54.25;982.82;1.54;2777;616;1518177690
400;0;20.19;53.26;982.81;1.54;2725;622;1518177720
408;1;20.17;54.53;982.81;1.47;2671;616;1518177750
408;1;20.17;53.42;982.79;1.46;2653;604;1518177780
405;0;20.16;53.33;982.90;1.42;2658;604;1518177810
405;0;20.15;52.51;982.79;1.46;2677;621;1518177840
405;0;20.15;54.63;982.76;1.46;2714;612;1518177870
405;0;20.16;53.66;982.88;1.55;2763;624;1518177900
409;1;20.18;52.56;982.81;1.54;2780;624;1518177930
409;1;20.16;52.51;982.81;1.54;2801;622;1518177960
414;2;20.18;53.77;982.78;1.56;2805;632;1518177990
414;2;20.19;54.27;982.78;1.6;2797;617;1518178020
414;2;20.18;53.93;982.80;1.61;2794;640;1518178050
409;1;20.18;53.32;982.78;1.58;2771;626;1518178080
409;1;20.19;54.55;982.79;1.57;2744;621;1518178110
413;1;20.19;52.81;982.71;1.52;2735;618;1518178140
408;1;20.19;53.61;982.72;1.47;2715;615;1518178170
408;1;20.19;54.36;982.70;1.49;2705;616;1518178200
408;1;20.2;53.73;982.78;1.46;2690;612;1518178230
408;1;20.2;54.38;982.68;1.47;2663;615;1518178260
410;1;20.21;54.03;982.70;1.45;2620;600;1518178290
410;1;20.2;52.45;982.71;1.39;2577;585;1518178320
406;0;20.21;53.45;982.72;1.43;2609;594;1518178350
402;0;20.22;54.57;982.80;1.43;2636;586;1518178380
400;0;20.24;53.80;982.74;1.44;2654;608;1518178410
415;2;20.25;53.54;982.69;1.46;2662;602;1518178440
420;3;20.26;53.11;982.82;1.46;2657;606;1518178470
423;3;20.28;54.04;982.71;1.42;2675;595;1518178500
423;3;20.28;53.75;982.86;1.47;2716;607;1518178530
425;3;20.28;54.76;982.70;1.46;2756;612;1518178560
425;3;20.28;54.16;982.77;1.46;2798;616;1518178590
420;3;20.29;54.41;982.85;1.53;2825;619;1518178620
423;3;20.28;53.62;982.80;1.52;2849;630;1518178650
436;5;20.26;54.54;982.82;1.51;2859;619;1518178680
432;4;20.26;54.61;982.83;1.46;2702;600;1518178710
432;4;20.27;56.07;982.81;1.48;2685;602;1518178740
436;5;20.28;55.72;982.80;1.44;2664;600;1518178770
442;6;20.25;54.96;982.78;1.39;2649;608;1518178800
445;6;20.23;54.02;982.75;1.41;2635;586;1518178830
442;6;20.21;54.67;982.79;1.43;2623;594;1518178860
436;5;20.2;55.38;982.81;1.44;2602;591;1518178890
436;5;20.16;57.23;982.83;1.44;2587;585;1518178920
445;6;20.13;55.72;982.84;1.39;2563;587;1518178950
445;6;20.13;55.33;982.82;1.36;2537;597;1518178980
445;6;20.14;55.66;982.82;1.34;2518;580;1518179010
445;6;20.1;55.67;982.86;1.29;2490;569;1518179040
442;6;20.09;55.57;982.86;1.33;2464;569;1518179070
442;6;20.07;55.56;982.85;1.34;2432;560;1518179100
442;6;20.07;55.05;982.87;1.29;2400;575;1518179130
425;3;20.05;55.50;982.84;1.27;2371;570;1518179160
436;5;20.04;54.90;982.87;1.23;2344;557;1518179190
423;3;20.02;57.12;982.92;1.25;2339;561;1518179220
432;4;20.0;55.05;982.90;1.28;2320;546;1518179250
425;3;20.0;57.05;982.94;1.25;2329;564;1518179280
425;3;20.01;57.04;982.88;1.29;2337;547;1518179310
423;3;20.0;56.02;982.91;1.28;2356;566;1518179340
420;3;20.0;57.20;982.90;1.28;2373;556;1518179370
410;1;19.97;56.77;982.92;1.31;2404;560;1518179400
406;0;19.96;56.16;982.87;1.28;2422;563;1518179430
415;2;19.96;56.70;983.00;1.33;2444;568;1518179460
410;1;19.96;56.79;982.97;1.34;2453;572;1518179490
400;0;19.99;55.67;982.95;1.29;2450;572;1518179520
402;0;20.0;56.37;982.95;1.32;2457;575;1518179550
400;0;20.04;55.46;982.87;1.3;2453;565;1518179580
400;0;20.05;55.50;982.90;1.32;2438;568;1518179610
400;0;20.07;55.37;982.94;1.27;2439;568;1518179640
408;1;20.06;55.31;982.94;1.28;2460;588;1518179670
413;1;20.06;55.22;982.92;1.31;2480;568;1518179700
409;1;20.06;54.64;982.93;1.25;2284;540;1518179730
409;1;20.06;54.45;982.91;1.29;2327;560;1518179760
405;0;20.07;55.11;982.93;1.22;2364;559;1518179790
405;0;20.08;53.29;982.99;1.29;2406;562;1518179820
400;0;20.1;54.10;982.97;1.29;2453;579;1518179850
414;2;20.07;54.46;982.92;1.35;2510;582;1518179880
417;2;20.04;55.51;982.87;1.33;2566;584;1518179910
414;2;20.01;55.50;982.93;1.41;2624;599;1518179940
414;2;20.0;55.84;983.00;1.46;2671;600;1518179970
405;0;19.96;57.11;982.95;1.43;2694;605;1518180000
414;2;19.95;55.18;982.98;1.56;2702;605;1518180030
405;0;19.96;55.90;982.92;1.5;2690;598;1518180060
417;2;19.94;55.98;982.86;1.51;2710;604;1518180090
417;2;19.95;55.60;982.91;1.48;2714;613;1518180120
414;2;19.92;55.60;982.97;1.52;2704;599;1518180150
417;2;19.91;55.54;982.94;1.57;2736;603;1518180180
417;2;19.94;55.91;982.89;1.47;2750;614;1518180210
409;1;19.93;56.32;983.00;1.5;2778;616;1518180240
413;1;19.99;54.64;982.88;1.49;2796;617;1518180270
417;2;20.05;55.84;982.92;1.51;2810;612;1518180300
421;3;20.07;53.42;982.95;1.52;2828;635;1518180330
426;3;20.04;56.18;982.92;1.51;2847;630;1518180360
426;3;20.04;56.82;982.91;1.61;2864;626;1518180390
417;2;20.07;55.24;982.86;1.51;2879;614;1518180420
413;1;20.06;56.57;982.92;1.59;2909;639;1518180450
421;3;20.07;55.95;982.96;1.59;2934;650;1518180480
426;3;20.08;56.67;982.97;1.62;2937;645;1518180510
421;3;20.1;56.23;982.92;1.57;2976;644;1518180540
426;3;20.11;55.68;982.84;1.64;2989;650;1518180570
426;3;20.11;55.64;982.93;1.68;3011;665;1518180600
426;3;20.1;55.63;982.92;1.64;3030;652;1518180630
417;2;20.11;56.17;982.95;1.66;3034;652;1518180660
417;2;20.12;54.77;982.97;1.67;3044;668;1518180690
426;3;20.12;56.48;982.97;1.72;3047;658;1518180720
417;2;20.11;56.02;982.98;1.67;3062;670;1518180750
417;2;20.11;55.48;982.91;1.67;3066;653;1518180780
421;3;20.16;56.45;982.98;1.73;3063;660;1518180810
421;3;20.17;55.94;983.03;1.72;3056;659;1518180840
421;3;20.18;54.94;983.00;1.66;3024;665;1518180870
421;3;20.19;55.03;983.04;1.65;2974;649;1518180900
408;1;20.17;55.67;983.02;1.57;2897;633;1518180930
408;1;20.19;55.27;983.03;1.51;2859;619;1518180960
413;1;20.2;55.33;983.09;1.52;2849;630;1518180990
408;1;20.22;54.80;982.97;1.53;2825;619;1518181020
417;2;20.24;55.19;983.01;1.46;2798;616;1518181050
413;1;20.26;55.21;982.95;1.46;2756;612;1518181080
400;0;20.24;54.85;983.00;1.47;2716;607;1518181110
413;1;20.25;54.75;983.11;1.42;2675;595;1518181140
403;0;20.25;53.54;983.11;1.46;2657;606;1518181170
408;1;20.25;54.54;983.06;1.46;2662;602;1518181200
413;1;20.26;54.83;983.07;1.44;2654;608;1518181230
400;0;20.21;54.40;983.20;1.43;2636;586;1518181260
405;0;20.23;54.69;983.16;1.43;2609;594;1518181290
400;0;20.22;54.63;983.14;1.39;2577;585;1518181320
407;1;20.21;54.55;983.14;1.45;2620;600;1518181350
420;3;20.23;57.02;983.19;1.47;2663;615;1518181380
420;3;20.23;55.42;983.11;1.46;2690;612;1518181410
410;1;20.23;54.89;983.13;1.49;2705;616;1518181440
420;3;20.21;55.09;983.13;1.47;2715;615;1518181470
424;3;20.21;55.79;983.15;1.52;2735;618;1518181500
420;3;20.21;55.16;983.16;1.57;2744;621;1518181530
424;3;20.21;53.58;983.24;1.58;2771;626;1518181560
420;3;20.21;55.83;983.17;1.61;2794;640;1518181590
420;3;20.2;54.19;983.21;1.6;2797;617;1518181620
415;2;20.19;57.18;983.16;1.56;2805;632;1518181650
424;3;20.21;56.64;983.16;1.54;2801;622;1518181680
420;3;20.21;55.16;983.13;1.54;2780;624;1518181710
410;1;20.21;55.62;983.15;1.55;2763;624;1518181740
424;3;20.22;55.51;983.15;1.46;2714;612;1518181770
410;1;20.2;55.82;983.12;1.46;2677;621;1518181800
424;3;20.22;54.31;983.12;1.42;2658;604;1518181830
415;2;20.22;55.54;983.12;1.46;2653;604;1518181860
424;3;20.22;55.71;983.20;1.47;2671;616;1518181890
427;4;20.22;55.01;983.23;1.54;2725;622;1518181920
415;2;20.22;55.89;983.12;1.54;2777;616;1518181950
427;4;20.2;55.74;983.14;1.52;2827;632;1518181980
427;4;20.19;56.80;983.14;1.6;2885;632;1518182010
427;4;20.2;57.17;983.15;1.57;2929;649;1518182040
420;3;20.2;55.92;983.12;1.47;2750;614;1518182070
427;4;20.18;55.49;983.18;1.5;2778;616;1518182100
424;3;20.18;56.37;983.15;1.49;2796;617;1518182130
424;3;20.18;55.54;983.15;1.51;2810;612;1518182160
415;2;20.19;55.34;983.20;1.52;2828;635;1518182190
424;3;20.19;55.53;983.22;1.51;2710;604;1518182220
424;3;20.17;54.74;983.29;1.48;2714;613;1518182250
424;3;20.16;54.90;983.20;1.52;2704;599;1518182280
424;3;20.12;57.35;983.23;1.57;2736;603;1518182310
415;2;20.12;54.48;983.19;1.47;2750;614;1518182340
424;3;20.11;56.79;983.26;1.5;2778;616;1518182370
424;3;20.1;56.14;983.23;1.49;2796;617;1518182400
424;3;20.11;55.07;983.21;1.51;2810;612;1518182430
420;3;20.09;56.23;983.28;1.52;2828;635;1518182460
415;2;20.09;56.59;983.13;1.51;2847;630;1518182490
410;1;20.09;55.74;983.24;1.61;2864;626;1518182520
415;2;20.1;55.32;983.22;1.51;2879;614;1518182550
415;2;20.1;55.14;983.32;1.59;2909;639;1518182580
407;1;20.1;55.30;983.22;1.59;2934;650;1518182610
410;1;20.09;55.86;983.25;1.62;2937;645;1518182640
410;1;20.08;56.24;983.28;1.57;2976;644;1518182670
410;1;20.1;56.07;983.28;1.64;2989;650;1518182700
415;2;20.08;55.25;983.26;1.68;3011;665;1518182730
415;2;20.09;55.38;983.30;1.64;3030;652;1518182760
402;0;20.08;55.56;983.22;1.66;3034;652;1518182790
410;1;20.09;54.54;983.35;1.67;3044;668;1518182820
410;1;20.07;54.89;983.37;1.72;3047;658;1518182850
410;1;20.08;55.24;983.35;1.67;3062;670;1518182880
402;0;20.07;56.09;983.35;1.67;3066;653;1518182910
410;1;20.05;55.27;983.32;1.73;3063;660;1518182940
410;1;20.04;55.34;983.34;1.72;3056;659;1518182970
402;0;20.03;55.13;983.31;1.66;3024;665;1518183000
410;1;20.04;54.83;983.38;1.65;2974;649;1518183030
410;1;20.03;55.95;983.36;1.57;2897;633;1518183060
410;1;20.03;55.35;983.42;1.51;2859;619;1518183090
410;1;20.02;56.28;983.46;1.52;2849;630;1518183120
415;2;20.01;55.37;983.40;1.53;2825;619;1518183150
410;1;20.02;55.96;983.42;1.46;2798;616;1518183180
410;1;20.02;55.36;983.40;1.46;2756;612;1518183210
402;0;20.0;56.00;983.47;1.47;2716;607;1518183240
415;2;19.99;55.12;983.41;1.42;2675;595;1518183270
420;3;20.01;56.33;983.49;1.46;2657;606;1518183300
420;3;19.99;56.12;983.50;1.46;2662;602;1518183330
420;3;19.98;56.03;983.47;1.44;2654;608;1518183360
420;3;19.96;55.86;983.48;1.43;2636;586;1518183390
410;1;19.95;55.90;983.54;1.43;2609;594;1518183420
402;0;19.95;56.10;983.53;1.39;2577;585;1518183450
415;2;19.95;55.79;983.48;1.45;2620;600;1518183480
407;1;19.96;56.19;983.47;1.47;2663;615;1518183510
415;2;19.96;56.13;983.55;1.46;2690;612;1518183540
410;1;19.95;55.31;983.55;1.49;2705;616;1518183570
402;0;19.94;55.54;983.58;1.47;2715;615;1518183600
407;1;19.93;55.19;983.52;1.52;2735;618;1518183630
400;0;19.94;55.30;983.57;1.57;2744;621;1518183660
407;1;19.92;56.04;983.53;1.58;2771;626;1518183690
402;0;19.92;56.20;983.58;1.61;2794;640;1518183720
402;0;19.9;54.96;983.78;1.6;2797;617;1518183750
400;0;19.9;54.53;983.70;1.56;2805;632;1518183780
400;0;19.9;55.56;983.73;1.54;2801;622;1518183810
409;1;19.9;55.25;983.72;1.54;2780;624;1518183840
414;2;19.9;56.66;983.83;1.55;2763;624;1518183870
414;2;19.91;56.27;983.85;1.46;2714;612;1518183900
407;1;19.89;55.02;983.76;1.46;2677;621;1518183930
414;2;19.89;56.44;983.85;1.42;2658;604;1518183960
414;2;19.9;55.88;983.71;1.46;2653;604;1518183990
414;2;19.89;56.76;983.78;1.47;2671;616;1518184020
414;2;19.9;55.39;983.72;1.54;2725;622;1518184050
407;1;19.89;55.85;983.73;1.54;2777;616;1518184080
400;0;19.86;55.02;983.71;1.52;2827;632;1518184110
409;1;19.86;54.86;983.80;1.48;2685;602;1518184140
409;1;19.87;56.32;983.76;1.44;2664;600;1518184170
407;1;19.86;54.29;983.88;1.39;2649;608;1518184200
409;1;19.85;57.06;983.86;1.41;2635;586;1518184230
400;0;19.85;54.86;983.79;1.43;2623;594;1518184260
411;1;19.84;55.71;983.76;1.44;2602;591;1518184290
414;2;19.82;55.75;983.74;1.44;2587;585;1518184320
405;0;19.85;56.31;983.83;1.39;2563;587;1518184350
414;2;19.82;55.15;983.78;1.36;2537;597;1518184380
411;1;19.82;54.26;983.87;1.34;2518;580;1518184410
411;1;19.81;55.79;983.81;1.29;2490;569;1518184440
411;1;19.82;56.99;983.78;1.33;2464;569;1518184470
414;2;19.78;56.33;983.79;1.34;2432;560;1518184500
414;2;19.8;56.10;983.80;1.29;2400;575;1518184530
411;1;19.79;56.01;983.85;1.27;2371;570;1518184560
418;2;19.78;57.64;983.84;1.23;2344;557;1518184590
422;3;19.78;56.96;983.91;1.25;2339;561;1518184620
433;5;19.79;56.66;983.91;1.28;2320;546;1518184650
422;3;19.77;56.21;983.95;1.25;2329;564;1518184680
442;6;19.77;56.84;983.93;1.29;2337;547;1518184710
451;7;19.76;56.56;983.90;1.28;2356;566;1518184740
456;8;19.75;57.10;983.88;1.28;2373;556;1518184770
447;7;19.75;56.35;983.80;1.31;2404;560;1518184800
456;8;19.73;56.44;983.86;1.28;2422;563;1518184830
461;9;19.71;56.63;983.92;1.33;2444;568;1518184860
442;6;19.68;57.53;983.90;1.34;2453;572;1518184890
442;6;19.66;55.99;983.97;1.29;2450;572;1518184920
451;7;19.66;57.69;983.94;1.32;2457;575;1518184950
456;8;19.61;58.51;983.90;1.3;2453;565;1518184980
456;8;19.58;57.58;983.90;1.32;2438;568;1518185010
451;7;19.6;56.16;983.93;1.27;2439;568;1518185040
451;7;19.57;57.42;983.95;1.28;2460;588;1518185070
447;7;19.53;57.58;983.99;1.31;2480;568;1518185100
447;7;19.49;58.42;983.96;1.38;2541;580;1518185130
447;7;19.45;58.06;984.01;1.37;2542;587;1518185160
447;7;19.4;58.37;983.99;1.39;2590;608;1518185190
447;7;19.36;58.95;984.03;1.36;2624;590;1518185220
433;5;19.38;58.24;983.99;1.36;2646;610;1518185250
442;6;19.39;58.02;983.93;1.44;2665;605;1518185280
442;6;19.33;58.91;983.98;1.43;2684;604;1518185310
438;5;19.32;58.03;984.00;1.43;2680;598;1518185340
442;6;19.29;58.25;984.00;1.42;2679;614;1518185370
442;6;19.24;59.07;984.05;1.44;2646;606;1518185400
442;6;19.24;60.74;984.01;1.46;2618;589;1518185430
442;6;19.17;60.33;983.84;1.37;2583;598;1518185460
442;6;19.15;59.23;983.96;1.37;2544;587;1518185490
442;6;19.15;59.06;983.95;1.33;2508;583;1518185520
447;7;19.13;58.86;983.99;1.33;2469;575;1518185550
447;7;19.14;60.28;984.03;1.3;2449;570;1518185580
451;7;19.09;59.79;984.02;1.33;2429;568;1518185610
456;8;19.05;59.43;984.02;1.3;2420;568;1518185640
456;8;19.04;59.45;984.01;1.45;2661;607;1518185670
461;9;19.0;57.85;983.94;1.45;2661;607;1518185700
461;9;19.01;58.62;983.98;1.44;2661;597;1518185730
461;9;19.0;58.32;984.03;1.42;2662;604;1518185760
451;7;19.01;58.98;984.12;1.49;2662;608;1518185790
461;9;19.01;59.32;984.08;1.5;2653;605;1518185820
456;8;19.0;57.62;984.03;1.45;2631;599;1518185850
461;9;19.05;59.85;984.09;1.45;2592;595;1518185880
451;7;19.0;60.35;983.96;1.45;2565;590;1518185910
451;7;19.04;58.38;984.10;1.4;2522;580;1518185940
451;7;19.05;58.12;984.09;1.39;2477;574;1518185970
442;6;19.09;58.64;983.99;1.31;2428;583;1518186000
451;7;19.09;58.63;983.96;1.26;2385;566;1518186030
451;7;19.1;60.08;984.05;1.25;2347;553;1518186060
442;6;19.09;59.19;984.02;1.25;2327;570;1518186090
442;6;19.1;59.80;983.97;1.21;2311;550;1518186120
456;8;19.12;59.04;984.09;1.24;2300;556;1518186150
451;7;19.05;59.08;984.09;1.25;2299;544;1518186180
451;7;19.08;59.72;984.07;1.29;2308;554;1518186210
451;7;19.04;58.95;984.12;1.25;2325;563;1518186240
451;7;19.05;59.71;984.11;1.23;2344;563;1518186270
447;7;19.01;58.89;984.05;1.27;2361;562;1518186300
447;7;18.99;60.24;984.03;1.27;2382;568;1518186330
438;5;18.98;58.72;984.11;1.3;2411;577;1518186360
438;5;18.96;58.71;984.09;1.3;2438;582;1518186390
447;7;18.93;59.29;984.18;1.33;2470;574;1518186420
451;7;18.92;60.07;984.08;1.4;2495;590;1518186450
447;7;18.87;60.34;984.20;1.38;2523;582;1518186480
438;5;18.88;59.55;984.21;1.41;2558;596;1518186510
442;6;18.88;58.57;984.15;1.45;2593;578;1518186540
433;5;18.86;59.25;984.24;1.49;2606;599;1518186570
433;5;18.87;58.38;984.15;1.42;2633;607;1518186600
433;5;18.92;58.95;984.13;1.49;2649;597;1518186630
426;3;18.93;59.39;984.21;1.4;2664;602;1518186660
442;6;18.97;59.45;984.19;1.46;2665;605;1518186690
438;5;18.97;58.56;984.19;1.48;2647;606;1518186720
438;5;18.99;58.41;984.21;1.42;2634;607;1518186750
438;5;19.0;59.25;984.20;1.42;2620;615;1518186780
438;5;19.01;59.22;984.23;1.45;2602;607;1518186810
438;5;19.02;59.63;984.27;1.42;2588;599;1518186840
438;5;19.01;58.70;984.31;1.44;2565;596;1518186870
433;5;18.99;60.47;984.23;1.39;2552;594;1518186900
433;5;19.04;58.94;984.28;1.44;2535;595;1518186930
438;5;19.06;59.02;984.30;1.38;2504;581;1518186960
438;5;19.05;60.69;984.30;1.36;2479;591;1518186990
442;6;19.07;57.61;984.35;1.33;2455;575;1518187020
422;3;19.06;59.57;984.40;1.32;2414;575;1518187050
433;5;19.07;58.84;984.32;1.24;2374;561;1518187080
422;3;19.1;57.87;984.33;1.27;2342;553;1518187110
433;5;19.06;59.19;984.35;1.2;2293;556;1518187140
422;3;19.08;59.42;984.42;1.22;2244;555;1518187170
426;3;19.08;59.93;984.34;1.19;2191;535;1518187200
426;3;19.08;59.20;984.38;1.21;2171;527;1518187230
426;3;19.11;59.01;984.40;1.16;2147;532;1518187260
433;5;19.1;58.43;984.35;1.11;2138;528;1518187290
422;3;19.11;58.35;984.37;1.14;2135;516;1518187320
422;3;19.14;59.04;984.47;1.11;2134;527;1518187350
418;2;19.14;59.51;984.45;1.16;2136;525;1518187380
422;3;19.13;57.81;984.41;1.15;2151;530;1518187410
426;3;19.15;59.64;984.46;1.19;2160;519;1518187440
433;5;19.16;58.32;984.55;1.12;2173;525;1518187470
433;5;19.15;59.43;984.46;1.17;2194;532;1518187500
422;3;19.19;57.18;984.46;1.21;2207;543;1518187530
426;3;19.17;59.56;984.45;1.22;2227;530;1518187560
426;3;19.18;58.65;984.44;1.14;2237;533;1518187590
426;3;19.19;58.82;984.45;1.2;2256;547;1518187620
426;3;19.19;59.59;984.40;1.19;2272;543;1518187650
426;3;19.18;59.32;984.39;1.22;2292;550;1518187680
433;5;19.19;59.40;984.39;1.2;2307;553;1518187710
426;3;19.19;58.24;984.38;1.25;2331;558;1518187740
414;2;19.23;58.08;984.40;1.28;2358;565;1518187770
422;3;19.21;57.27;984.47;1.33;2375;568;1518187800
422;3;19.23;58.10;984.40;1.3;2396;566;1518187830
414;2;19.21;60.52;984.44;1.29;2420;572;1518187860
426;3;19.25;58.45;984.47;1.36;2446;582;1518187890
422;3;19.22;58.45;984.45;1.32;2452;573;1518187920
422;3;19.23;57.35;984.39;1.31;2456;573;1518187950
418;2;19.22;59.01;984.45;1.3;2461;568;1518187980
414;2;19.2;57.40;984.43;1.32;2450;560;1518188010
418;2;19.2;58.56;984.47;1.32;2444;570;1518188040
411;1;19.2;58.48;984.50;1.27;2434;564;1518188070
422;3;19.2;58.94;984.47;1.3;2420;568;1518188100
422;3;19.18;58.48;984.44;1.33;2429;568;1518188130
422;3;19.19;58.75;984.44;1.3;2449;570;1518188160
422;3;19.2;59.05;984.46;1.33;2469;575;1518188190
418;2;19.2;58.83;984.45;1.33;2508;583;1518188220
411;1;19.21;58.92;984.43;1.37;2544;587;1518188250
426;3;19.23;58.47;984.40;1.37;2583;598;1518188280
422;3;19.22;60.15;984.47;1.46;2618;589;1518188310
418;2;19.26;58.22;984.49;1.44;2646;606;1518188340
418;2;19.22;59.51;984.48;1.42;2679;614;1518188370
426;3;19.24;58.02;984.44;1.43;2680;598;1518188400
422;3;19.2;59.09;984.46;1.43;2684;604;1518188430
414;2;19.21;58.72;984.45;1.44;2665;605;1518188460
422;3;19.23;58.46;984.53;1.36;2646;610;1518188490
418;2;19.22;58.62;984.47;1.36;2624;590;1518188520
414;2;19.21;58.39;984.44;1.39;2590;608;1518188550
418;2;19.21;57.94;984.51;1.37;2542;587;1518188580
418;2;19.2;58.39;984.53;1.38;2541;580;1518188610
418;2;19.2;56.99;984.50;1.17;2277;539;1518188640
418;2;19.22;58.78;984.59;1.17;2259;542;1518188670
414;2;19.22;58.51;984.54;1.16;2248;527;1518188700
422;3;19.22;59.32;984.58;1.19;2250;549;1518188730
422;3;19.22;58.63;984.54;1.23;2256;543;1518188760
422;3;19.27;57.78;984.55;1.19;2249;546;1518188790
422;3;19.27;58.96;984.63;1.12;2238;552;1518188820
422;3;19.25;58.24;984.66;1.16;2231;540;1518188850
422;3;19.26;58.45;984.63;1.2;2231;527;1518188880
422;3;19.26;59.11;984.74;1.19;2227;536;1518188910
422;3;19.26;58.79;984.68;1.17;2225;544;1518188940
414;2;19.26;58.96;984.72;1.17;2211;550;1518188970
426;3;19.26;58.43;984.74;1.17;2191;539;1518189000
433;5;19.26;58.78;984.79;1.18;2171;541;1518189030
438;5;19.26;58.21;984.81;1.14;2157;523;1518189060
461;9;19.25;59.41;984.76;1.15;2128;542;1518189090
478;11;19.28;59.73;984.78;1.13;2103;523;1518189120
495;14;19.28;57.46;984.87;1.08;2086;512;1518189150
508;16;19.25;59.54;984.73;1.07;2064;507;1518189180
524;18;19.24;57.93;984.88;1.1;2048;517;1518189210
518;17;19.25;57.93;984.77;1.08;2027;508;1518189240
518;17;19.26;59.32;984.85;1.04;2017;505;1518189270
524;18;19.25;58.27;984.78;1.06;1996;512;1518189300
518;17;19.24;58.32;984.85;1.02;2002;513;1518189330
508;16;19.23;59.05;984.72;1.07;1990;508;1518189360
502;15;19.24;58.14;984.79;1.05;2007;500;1518189390
497;14;19.23;58.63;984.87;1.13;2006;516;1518189420
497;14;19.24;58.37;984.77;1.09;2008;513;1518189450
486;13;19.25;58.63;984.82;1.03;2003;521;1518189480
495;14;19.23;58.66;984.85;1.07;2005;503;1518189510
495;14;19.22;58.31;984.89;1.03;1990;523;1518189540
497;14;19.21;57.57;984.86;1.07;1982;512;1518189570
495;14;19.24;58.88;984.92;1.02;1964;500;1518189600
486;13;19.22;57.39;984.83;1.05;1953;501;1518189630
495;14;19.22;58.62;984.83;1.04;1868;500;1518189660
481;12;19.24;57.55;984.80;1.02;1926;501;1518189690
486;13;19.23;58.45;984.87;0.99;1904;492;1518189720
478;11;19.22;57.45;984.79;0.98;1855;505;1518189750
486;13;19.21;58.42;984.90;0.98;1823;487;1518189780
481;12;19.24;58.15;984.90;0.96;1792;469;1518189810
486;13;19.24;58.11;984.89;0.94;1759;480;1518189840
478;11;19.25;59.17;984.88;0.95;1726;482;1518189870
486;13;19.28;58.85;984.91;0.94;1707;461;1518189900
481;12;19.27;58.64;984.87;0.89;1686;470;1518189930
481;12;19.27;59.29;984.90;0.93;1661;466;1518189960
481;12;19.28;58.58;984.87;0.86;1640;483;1518189990
478;11;19.27;58.42;984.97;0.83;1615;459;1518190020
481;12;19.27;59.10;984.84;0.85;1593;461;1518190050
478;11;19.27;56.10;984.96;0.82;1577;455;1518190080
481;12;19.28;58.40;984.95;0.82;1560;449;1518190110
481;12;19.29;59.11;984.88;0.78;1550;435;1518190140
486;13;19.31;58.94;985.02;0.84;1544;449;1518190170
486;13;19.3;59.45;985.00;0.79;1536;452;1518190200
495;14;19.29;59.23;985.09;0.76;1522;454;1518190230
497;14;19.3;59.35;985.05;0.78;1523;436;1518190260
534;20;19.3;58.91;985.02;0.85;1522;450;1518190290
560;24;19.27;58.49;985.07;0.81;1517;441;1518190320
580;27;19.26;58.35;984.98;0.77;1514;441;1518190350
586;28;19.27;58.87;985.03;0.75;1508;434;1518190380
607;31;19.28;59.11;985.00;0.74;1496;440;1518190410
607;31;19.29;58.70;985.08;0.8;1490;450;1518190440
633;35;19.27;59.69;985.05;0.8;1476;451;1518190470
638;36;19.29;57.29;985.07;0.74;1472;443;1518190500
653;38;19.29;59.44;985.01;0.79;1461;426;1518190530
660;39;19.29;59.10;985.12;0.73;1446;427;1518190560
679;42;19.29;59.60;985.11;0.73;1424;440;1518190590
679;42;19.3;59.14;985.02;0.7;1398;428;1518190620
688;43;19.3;59.71;985.05;0.67;1371;436;1518190650
679;42;19.31;60.55;985.04;0.68;1343;427;1518190680
697;45;19.29;59.25;984.96;0.68;1319;416;1518190710
688;43;19.28;57.92;985.01;0.65;1289;419;1518190740
697;45;19.27;61.66;985.04;0.59;1264;404;1518190770
697;45;19.26;59.06;984.96;0.6;1240;404;1518190800
688;43;19.25;59.08;985.10;0.57;1217;397;1518190830
679;42;19.24;59.68;985.08;0.59;1197;397;1518190860
660;39;19.27;58.62;984.99;0.6;1174;400;1518190890
660;39;19.29;59.64;985.02;0.63;1146;396;1518190920
638;36;19.28;59.98;985.09;0.55;1131;385;1518190950
643;37;19.27;57.83;985.16;0.53;1108;398;1518190980
643;37;19.27;59.17;985.13;0.46;1089;381;1518191010
638;36;19.26;59.50;985.06;0.54;1075;378;1518191040
626;34;19.26;58.82;985.12;0.46;1057;377;1518191070
633;35;19.26;59.33;985.12;0.5;1037;360;1518191100
633;35;19.26;58.65;985.14;0.48;1026;369;1518191130
633;35;19.27;59.61;985.20;0.47;1008;363;1518191160
626;34;19.28;58.52;985.11;0.48;990;368;1518191190
618;33;19.28;58.33;985.14;0.47;973;367;1518191220
618;33;19.3;57.96;985.15;0.46;966;355;1518191250
615;32;19.3;59.29;985.18;0.37;956;361;1518191280
615;32;19.31;57.30;985.18;0.48;946;345;1518191310
594;29;19.29;56.97;985.23;0.42;938;359;1518191340
607;31;19.29;57.99;985.20;0.41;941;357;1518191370
615;32;19.31;57.72;985.21;0.39;938;355;1518191400
615;32;19.32;58.01;985.19;0.4;936;355;1518191430
607;31;19.31;58.82;985.17;0.43;926;352;1518191460
607;31;19.31;58.56;985.18;0.45;919;354;1518191490
600;30;19.32;57.90;985.23;0.34;914;350;1518191520
594;29;19.31;58.68;985.23;0.39;905;358;1518191550
607;31;19.3;57.29;985.22;0.37;897;348;1518191580
607;31;19.31;58.35;985.23;0.44;890;352;1518191610
594;29;19.33;58.77;985.20;0.39;878;348;1518191640
580;27;19.35;58.84;985.25;0.36;857;333;1518191670
586;28;19.33;58.03;985.23;0.35;841;343;1518191700
580;27;19.31;57.76;985.27;0.39;822;336;1518191730
586;28;19.3;58.90;985.23;0.39;803;340;1518191760
580;27;19.3;58.96;985.27;0.28;782;334;1518191790
580;27;19.31;58.65;985.20;0.33;770;332;1518191820
580;27;19.31;59.41;985.24;0.29;745;327;1518191850
567;25;19.29;58.84;985.28;0.24;727;343;1518191880
567;25;19.29;58.77;985.33;0.33;702;314;1518191910
574;26;19.31;59.02;985.30;0.29;680;331;1518191940
567;25;19.32;58.56;985.21;0.26;657;313;1518191970
560;24;19.33;57.54;985.32;0.28;627;306;1518192000
552;23;19.34;58.16;985.36;0.19;598;322;1518192030
567;25;19.34;58.45;985.26;0.18;565;315;1518192060
567;25;19.31;57.62;985.24;0.16;528;303;1518192090
548;22;19.31;58.39;985.26;0.15;491;295;1518192120
548;22;19.32;58.64;985.32;0.13;463;297;1518192150
567;25;19.36;58.82;985.36;0.13;438;295;1518192180
567;25;19.37;57.46;985.36;0.1;421;262;1518192210
552;23;19.39;58.36;985.40;0.07;405;278;1518192240
548;22;19.38;59.71;985.33;0.1;390;276;1518192270
548;22;19.37;59.41;985.35;0.09;379;274;1518192300
542;21;19.37;60.16;985.31;0.03;371;280;1518192330
560;24;19.36;59.38;985.35;0.07;359;263;1518192360
552;23;19.31;60.95;985.31;0.13;358;275;1518192390
542;21;19.31;58.99;985.38;0.08;361;275;1518192420
552;23;19.35;59.86;985.36;0.1;362;286;1518192450
552;23;19.32;60.99;985.39;0.05;364;283;1518192480
548;22;19.3;60.38;985.32;0.13;360;287;1518192510
542;21;19.32;59.72;985.29;0.14;358;287;1518192540
534;20;19.33;60.02;985.39;0.02;360;284;1518192570
534;20;19.32;60.32;985.31;0.11;359;279;1518192600
534;20;19.33;60.05;985.42;0.11;369;284;1518192630
524;18;19.32;60.03;985.39;0.09;366;268;1518192660
518;17;19.32;60.58;985.43;0.05;372;267;1518192690
530;19;19.35;58.91;985.38;0.15;369;282;1518192720
530;19;19.35;59.36;985.50;0.08;358;282;1518192750
530;19;19.36;60.07;985.41;0.0;257;261;1518192780
518;17;19.38;59.54;985.38;0.03;250;256;1518192810
518;17;19.4;59.42;985.38;0.0;251;269;1518192840
524;18;19.4;58.60;985.40;0.0;254;254;1518192870
518;17;19.37;59.84;985.48;0.0;257;255;1518192900
508;16;19.38;59.42;985.48;0.01;253;262;1518192930
518;17;19.36;60.41;985.42;0.01;255;256;1518192960
530;19;19.38;58.23;985.49;0.0;257;259;1518192990
524;18;19.32;61.02;985.48;0.0;255;248;1518193020
518;17;19.33;59.63;985.43;0.02;256;245;1518193050
518;17;19.34;60.76;985.47;0.02;255;257;1518193080
518;17;19.34;58.58;985.49;0.09;253;249;1518193110
508;16;19.35;61.10;985.52;0.0;253;259;1518193140
502;15;19.35;59.53;985.57;0.02;254;259;1518193170
497;14;19.33;59.89;985.57;0.0;250;263;1518193200
495;14;19.33;60.55;985.57;0.0;254;262;1518193230
495;14;19.34;59.19;985.58;0.0;252;260;1518193260
495;14;19.32;59.41;985.51;0.0;252;269;1518193290
502;15;19.33;59.56;985.62;0.0;254;262;1518193320
502;15;19.34;60.95;985.61;0.01;252;264;1518193350
497;14;19.32;59.12;985.58;0.0;254;257;1518193380
497;14;19.35;57.35;985.61;0.0;253;250;1518193410
486;13;19.33;59.17;985.57;0.05;254;273;1518193440
495;14;19.35;59.17;985.63;0.0;251;267;1518193470
495;14;19.33;59.75;985.58;0.0;257;269;1518193500
495;14;19.33;59.34;985.54;0.03;256;259;1518193530
486;13;19.32;59.56;985.57;0.0;253;263;1518193560
486;13;19.33;59.46;985.68;0.01;252;262;1518193590
495;14;19.34;59.26;985.61;0.07;252;260;1518193620
486;13;19.35;58.80;985.64;0.0;257;268;1518193650
486;13;19.34;59.49;985.64;0.0;259;245;1518193680
486;13;19.33;60.56;985.64;0.0;255;260;1518193710
481;12;19.32;59.51;985.64;0.04;256;244;1518193740
486;13;19.31;59.02;985.61;0.05;256;263;1518193770
481;12;19.31;58.97;985.56;0.0;251;263;1518193800
463;9;19.31;57.86;985.63;0.0;254;249;1518193830
478;11;19.3;58.77;985.63;0.04;255;247;1518193860
463;9;19.29;59.29;985.65;0.0;249;272;1518193890
478;11;19.33;59.50;985.62;0.01;252;269;1518193920
473;11;19.31;59.07;985.77;0.02;255;254;1518193950
461;9;19.31;58.84;985.62;0.0;255;262;1518193980
478;11;19.32;59.14;985.64;0.01;257;259;1518194010
478;11;19.3;59.18;985.64;0.0;257;264;1518194040
473;11;19.31;59.60;985.59;0.04;251;265;1518194070
463;9;19.32;58.60;985.67;0.02;257;262;1518194100
473;11;19.3;57.86;985.62;0.0;252;252;1518194130
478;11;19.29;58.63;985.62;0.0;255;255;1518194160
463;9;19.26;60.34;985.65;0.0;258;263;1518194190
463;9;19.22;59.50;985.59;0.02;255;252;1518194220
478;11;19.21;59.48;985.65;0.0;259;247;1518194250
473;11;19.19;60.37;985.60;0.0;255;254;1518194280
463;9;19.2;59.49;985.64;0.01;250;255;1518194310
473;11;19.17;59.90;985.62;0.0;255;251;1518194340
473;11;19.13;59.71;985.55;0.01;256;257;1518194370
463;9;19.07;62.34;985.58;0.0;253;264;1518194400
463;9;19.06;60.73;985.58;0.0;255;261;1518194430
