Temperature\t;Humidity\t;Pressure\t;Time
23.78\t;43.16\t;984.26\t;1517961600
23.79\t;44.23\t;984.37\t;1517961630
23.79\t;43.52\t;984.28\t;1517961660
23.78\t;42.52\t;984.19\t;1517961690
23.79\t;42.47\t;984.31\t;1517961720
23.81\t;41.57\t;984.31\t;1517961750
23.79\t;42.54\t;984.26\t;1517961780
23.79\t;43.03\t;984.33\t;1517961810
23.79\t;43.33\t;984.22\t;1517961840
23.08\t;44.69\t;984.19\t;1517961870
23.08\t;41.60\t;984.19\t;1517961900
23.82\t;42.19\t;984.19\t;1517961930
23.08\t;43.44\t;984.29\t;1517961960
23.82\t;44.21\t;984.19\t;1517961990
23.08\t;42.44\t;984.34\t;1517962020
23.08\t;44.10\t;984.24\t;1517962050
23.08\t;43.32\t;984.32\t;1517962080
23.79\t;43.03\t;984.23\t;1517962110
23.81\t;44.56\t;984.27\t;1517962140
23.81\t;42.85\t;984.30\t;1517962170
23.81\t;44.81\t;984.21\t;1517962200
23.08\t;43.45\t;984.24\t;1517962230
23.79\t;44.70\t;984.29\t;1517962260
23.79\t;43.63\t;984.31\t;1517962290
23.08\t;42.22\t;984.22\t;1517962320
23.79\t;42.68\t;984.25\t;1517962350
23.79\t;42.94\t;984.18\t;1517962380
23.77\t;43.71\t;984.20\t;1517962410
23.77\t;45.78\t;984.23\t;1517962440
23.78\t;42.66\t;984.27\t;1517962470
23.77\t;43.08\t;984.16\t;1517962500
23.77\t;41.75\t;984.20\t;1517962530
23.78\t;44.94\t;984.13\t;1517962560
23.76\t;42.20\t;984.16\t;1517962590
23.77\t;44.96\t;984.25\t;1517962620
23.77\t;43.39\t;984.25\t;1517962650
23.78\t;43.42\t;984.25\t;1517962680
23.79\t;42.68\t;984.26\t;1517962710
23.78\t;42.43\t;984.22\t;1517962740
23.77\t;43.95\t;984.25\t;1517962770
23.77\t;42.57\t;984.21\t;1517962800
23.78\t;44.30\t;984.29\t;1517962830
23.78\t;43.88\t;984.12\t;1517962860
23.77\t;43.82\t;984.26\t;1517962890
23.77\t;43.90\t;984.23\t;1517962920
23.78\t;45.37\t;984.19\t;1517962950
23.78\t;43.55\t;984.18\t;1517962980
23.77\t;44.28\t;984.22\t;1517963010
23.76\t;45.11\t;984.29\t;1517963040
23.76\t;43.44\t;984.17\t;1517963070
23.76\t;41.92\t;984.29\t;1517963100
23.78\t;43.89\t;984.25\t;1517963130
23.77\t;43.53\t;984.24\t;1517963160
23.78\t;43.78\t;984.19\t;1517963190
23.77\t;41.95\t;984.23\t;1517963220
23.78\t;42.83\t;984.18\t;1517963250
23.78\t;43.44\t;984.25\t;1517963280
23.77\t;43.72\t;984.25\t;1517963310
23.77\t;45.51\t;984.20\t;1517963340
23.78\t;43.78\t;984.22\t;1517963370
23.78\t;42.60\t;984.21\t;1517963400
23.78\t;43.22\t;984.17\t;1517963430
23.78\t;41.46\t;984.20\t;1517963460
23.78\t;43.49\t;984.18\t;1517963490
23.78\t;42.22\t;984.15\t;1517963520
23.78\t;43.91\t;984.17\t;1517963550
23.77\t;44.21\t;984.19\t;1517963580
23.79\t;43.61\t;984.09\t;1517963610
23.78\t;45.50\t;984.18\t;1517963640
23.78\t;42.13\t;984.15\t;1517963670
23.79\t;42.66\t;984.16\t;1517963700
23.77\t;43.36\t;984.12\t;1517963730
23.78\t;42.15\t;984.19\t;1517963760
23.78\t;44.30\t;984.17\t;1517963790
23.78\t;44.45\t;984.20\t;1517963820
23.79\t;43.06\t;984.25\t;1517963850
23.79\t;43.43\t;984.12\t;1517963880
23.08\t;43.71\t;984.15\t;1517963910
23.08\t;43.58\t;984.03\t;1517963940
23.81\t;43.87\t;984.13\t;1517963970
23.08\t;42.92\t;984.23\t;1517964000
23.78\t;42.91\t;984.07\t;1517964030
23.79\t;41.66\t;984.17\t;1517964060
23.78\t;44.24\t;984.15\t;1517964090
23.79\t;42.43\t;984.04\t;1517964120
23.78\t;41.82\t;984.16\t;1517964150
23.08\t;43.18\t;984.14\t;1517964180
23.78\t;43.13\t;984.01\t;1517964210
23.78\t;43.43\t;984.12\t;1517964240
23.78\t;44.50\t;984.16\t;1517964270
23.79\t;43.97\t;984.13\t;1517964300
23.77\t;43.51\t;984.11\t;1517964330
23.08\t;43.44\t;984.05\t;1517964360
23.77\t;43.44\t;984.04\t;1517964390
23.78\t;42.97\t;984.05\t;1517964420
23.08\t;43.88\t;983.97\t;1517964450
23.78\t;43.24\t;984.04\t;1517964480
23.76\t;43.32\t;984.00\t;1517964510
23.78\t;41.90\t;983.99\t;1517964540
23.78\t;43.42\t;983.90\t;1517964570
23.77\t;44.91\t;983.97\t;1517964600
23.77\t;43.46\t;983.94\t;1517964630
23.78\t;40.95\t;983.98\t;1517964660
23.78\t;43.38\t;983.99\t;1517964690
23.79\t;43.36\t;983.90\t;1517964720
23.78\t;44.26\t;984.01\t;1517964750
23.77\t;43.51\t;983.95\t;1517964780
23.77\t;43.37\t;983.91\t;1517964810
23.79\t;42.85\t;984.01\t;1517964840
23.79\t;42.60\t;983.98\t;1517964870
23.78\t;41.19\t;983.91\t;1517964900
23.77\t;44.61\t;983.98\t;1517964930
23.79\t;41.93\t;983.98\t;1517964960
23.79\t;43.53\t;983.96\t;1517964990
23.78\t;42.51\t;983.93\t;1517965020
23.77\t;42.96\t;983.99\t;1517965050
23.78\t;42.69\t;984.03\t;1517965080
23.78\t;43.32\t;983.99\t;1517965110
23.79\t;42.76\t;984.01\t;1517965140
23.79\t;43.09\t;983.93\t;1517965170
23.78\t;43.83\t;984.00\t;1517965200
23.79\t;43.88\t;984.01\t;1517965230
23.08\t;43.39\t;983.90\t;1517965260
23.08\t;43.43\t;983.88\t;1517965290
23.08\t;44.45\t;983.93\t;1517965320
23.81\t;45.11\t;983.95\t;1517965350
23.79\t;44.21\t;983.94\t;1517965380
23.78\t;42.91\t;983.94\t;1517965410
23.77\t;44.08\t;983.92\t;1517965440
23.77\t;44.24\t;983.97\t;1517965470
23.76\t;43.40\t;983.91\t;1517965500
23.74\t;41.99\t;983.91\t;1517965530
23.76\t;43.69\t;983.94\t;1517965560
23.76\t;43.48\t;983.89\t;1517965590
23.76\t;45.37\t;983.81\t;1517965620
23.75\t;44.84\t;983.89\t;1517965650
23.75\t;44.30\t;983.94\t;1517965680
23.75\t;44.57\t;984.00\t;1517965710
23.74\t;44.46\t;983.94\t;1517965740
23.76\t;44.58\t;983.91\t;1517965770
23.75\t;44.70\t;984.05\t;1517965800
23.75\t;43.80\t;983.99\t;1517965830
23.73\t;41.57\t;983.89\t;1517965860
23.72\t;43.25\t;984.03\t;1517965890
23.74\t;44.47\t;984.00\t;1517965920
23.74\t;42.20\t;983.93\t;1517965950
23.75\t;43.33\t;983.94\t;1517965980
23.72\t;43.44\t;984.04\t;1517966010
23.73\t;42.91\t;983.96\t;1517966040
23.72\t;44.36\t;984.00\t;1517966070
23.72\t;44.57\t;983.92\t;1517966100
23.74\t;42.55\t;983.96\t;1517966130
23.74\t;43.11\t;984.00\t;1517966160
23.73\t;41.28\t;983.88\t;1517966190
23.74\t;44.06\t;983.96\t;1517966220
23.75\t;41.78\t;983.95\t;1517966250
23.73\t;43.53\t;983.96\t;1517966280
23.71\t;43.34\t;984.01\t;1517966310
23.72\t;43.20\t;983.87\t;1517966340
23.72\t;44.64\t;983.90\t;1517966370
23.73\t;43.60\t;983.95\t;1517966400
23.73\t;43.37\t;983.89\t;1517966430
23.72\t;44.72\t;983.93\t;1517966460
23.73\t;43.41\t;983.93\t;1517966490
23.72\t;43.87\t;983.89\t;1517966520
23.72\t;43.83\t;983.90\t;1517966550
23.71\t;44.93\t;983.88\t;1517966580
23.07\t;42.00\t;983.90\t;1517966610
23.1\t;41.48\t;982.16\t;1517966640
23.12\t;42.21\t;982.20\t;1517966670
23.11\t;42.51\t;982.21\t;1517966700
23.09\t;42.41\t;982.19\t;1517966730
23.1\t;42.57\t;982.15\t;1517966760
23.08\t;44.03\t;982.13\t;1517966790
23.07\t;41.88\t;982.13\t;1517966820
23.08\t;41.86\t;982.17\t;1517966850
23.07\t;41.54\t;982.18\t;1517966880
23.07\t;41.68\t;982.17\t;1517966910
23.09\t;42.38\t;982.10\t;1517966940
23.09\t;42.38\t;982.12\t;1517966970
23.08\t;42.64\t;982.08\t;1517967000
23.07\t;41.60\t;982.05\t;1517967030
23.08\t;41.50\t;982.15\t;1517967060
23.08\t;42.58\t;982.12\t;1517967090
23.11\t;41.47\t;982.07\t;1517967120
23.11\t;42.29\t;982.12\t;1517967150
23.1\t;42.22\t;981.99\t;1517967180
23.1\t;42.50\t;982.01\t;1517967210
23.11\t;42.65\t;982.04\t;1517967240
23.11\t;42.51\t;981.98\t;1517967270
23.1\t;42.84\t;982.06\t;1517967300
23.11\t;43.34\t;982.03\t;1517967330
23.12\t;43.25\t;982.09\t;1517967360
23.11\t;42.01\t;981.99\t;1517967390
23.11\t;42.25\t;981.99\t;1517967420
23.11\t;43.70\t;981.98\t;1517967450
23.12\t;42.42\t;981.96\t;1517967480
23.11\t;42.29\t;982.05\t;1517967510
23.11\t;43.30\t;981.97\t;1517967540
23.1\t;43.37\t;981.96\t;1517967570
23.11\t;43.13\t;981.98\t;1517967600
23.12\t;40.61\t;981.96\t;1517967630
23.1\t;43.69\t;981.99\t;1517967660
23.12\t;42.63\t;981.98\t;1517967690
23.13\t;43.48\t;981.92\t;1517967720
23.13\t;43.86\t;981.94\t;1517967750
23.13\t;43.50\t;981.89\t;1517967780
23.13\t;42.38\t;981.94\t;1517967810
23.14\t;43.21\t;981.90\t;1517967840
23.14\t;42.31\t;981.90\t;1517967870
23.15\t;42.50\t;981.92\t;1517967900
23.15\t;42.42\t;981.93\t;1517967930
23.14\t;42.51\t;981.90\t;1517967960
23.15\t;43.46\t;981.81\t;1517967990
23.15\t;43.13\t;981.89\t;1517968020
23.13\t;43.28\t;981.90\t;1517968050
23.13\t;43.38\t;981.85\t;1517968080
23.13\t;44.26\t;981.83\t;1517968110
23.14\t;43.79\t;981.87\t;1517968140
23.13\t;42.65\t;981.87\t;1517968170
23.11\t;42.28\t;981.90\t;1517968200
23.12\t;43.34\t;981.91\t;1517968230
23.14\t;43.47\t;981.89\t;1517968260
23.13\t;43.57\t;981.85\t;1517968290
23.13\t;40.58\t;981.77\t;1517968320
23.14\t;44.07\t;981.90\t;1517968350
23.12\t;42.88\t;981.87\t;1517968380
23.13\t;43.47\t;981.92\t;1517968410
23.13\t;43.26\t;981.83\t;1517968440
23.14\t;43.06\t;981.83\t;1517968470
23.13\t;42.79\t;981.82\t;1517968500
23.12\t;42.47\t;981.81\t;1517968530
23.15\t;43.52\t;981.85\t;1517968560
23.14\t;42.19\t;981.86\t;1517968590
23.15\t;42.84\t;981.78\t;1517968620
23.13\t;40.96\t;981.74\t;1517968650
23.14\t;42.76\t;981.77\t;1517968680
23.14\t;41.25\t;981.77\t;1517968710
23.15\t;43.77\t;981.78\t;1517968740
23.16\t;42.68\t;981.68\t;1517968770
23.16\t;42.59\t;981.75\t;1517968800
23.15\t;41.58\t;981.77\t;1517968830
23.13\t;42.72\t;981.71\t;1517968860
23.13\t;42.77\t;981.71\t;1517968890
23.15\t;42.71\t;981.78\t;1517968920
23.14\t;45.18\t;981.81\t;1517968950
23.13\t;42.82\t;981.73\t;1517968980
23.15\t;43.73\t;981.74\t;1517969010
23.14\t;42.70\t;981.71\t;1517969040
23.14\t;42.67\t;981.76\t;1517969070
23.16\t;42.48\t;981.68\t;1517969100
23.15\t;42.15\t;981.77\t;1517969130
23.15\t;42.01\t;981.83\t;1517969160
23.16\t;42.79\t;981.72\t;1517969190
23.15\t;42.49\t;981.81\t;1517969220
23.14\t;42.74\t;981.74\t;1517969250
23.14\t;41.85\t;981.75\t;1517969280
23.15\t;42.34\t;981.75\t;1517969310
23.16\t;42.74\t;981.77\t;1517969340
23.15\t;42.10\t;981.67\t;1517969370
23.17\t;42.95\t;981.72\t;1517969400
23.17\t;43.08\t;981.70\t;1517969430
23.17\t;41.56\t;981.72\t;1517969460
23.17\t;42.73\t;981.70\t;1517969490
23.15\t;43.09\t;981.77\t;1517969520
23.16\t;44.51\t;981.67\t;1517969550
23.16\t;42.47\t;981.70\t;1517969580
23.16\t;42.73\t;981.72\t;1517969610
23.16\t;41.47\t;981.72\t;1517969640
23.16\t;43.05\t;981.72\t;1517969670
23.17\t;42.30\t;981.77\t;1517969700
23.15\t;44.23\t;981.73\t;1517969730
23.15\t;42.70\t;981.68\t;1517969760
23.14\t;46.16\t;981.75\t;1517969790
23.14\t;42.68\t;981.74\t;1517969820
23.14\t;42.04\t;981.74\t;1517969850
23.14\t;42.52\t;981.72\t;1517969880
23.15\t;41.26\t;981.69\t;1517969910
23.15\t;43.12\t;981.75\t;1517969940
23.15\t;42.85\t;981.71\t;1517969970
23.14\t;42.77\t;981.73\t;1517970000
23.15\t;43.40\t;981.76\t;1517970030
23.15\t;42.67\t;981.69\t;1517970060
23.17\t;41.53\t;981.66\t;1517970090
23.18\t;43.30\t;981.63\t;1517970120
23.19\t;42.71\t;981.67\t;1517970150
23.18\t;41.74\t;981.63\t;1517970180
23.19\t;42.37\t;981.63\t;1517970210
23.21\t;42.06\t;981.69\t;1517970240
23.2\t;43.43\t;981.71\t;1517970270
23.2\t;42.32\t;981.74\t;1517970300
23.2\t;41.80\t;981.70\t;1517970330
23.22\t;43.02\t;981.73\t;1517970360
23.22\t;41.72\t;981.71\t;1517970390
23.21\t;43.29\t;981.68\t;1517970420
23.22\t;43.22\t;981.72\t;1517970450
23.19\t;42.95\t;981.66\t;1517970480
23.2\t;44.68\t;981.71\t;1517970510
23.2\t;42.38\t;981.70\t;1517970540
23.18\t;43.88\t;981.73\t;1517970570
23.19\t;43.15\t;981.68\t;1517970600
23.18\t;43.07\t;981.69\t;1517970630
23.17\t;43.09\t;981.66\t;1517970660
23.18\t;41.99\t;981.67\t;1517970690
23.19\t;43.06\t;981.64\t;1517970720
23.2\t;41.77\t;981.73\t;1517970750
23.21\t;42.99\t;981.66\t;1517970780
23.2\t;42.25\t;981.74\t;1517970810
23.2\t;44.07\t;981.68\t;1517970840
23.19\t;43.39\t;981.70\t;1517970870
23.21\t;43.20\t;981.66\t;1517970900
23.23\t;43.93\t;981.68\t;1517970930
23.23\t;42.36\t;981.60\t;1517970960
23.22\t;43.13\t;981.75\t;1517970990
23.23\t;43.70\t;981.71\t;1517971020
23.23\t;43.48\t;981.67\t;1517971050
23.23\t;44.18\t;981.65\t;1517971080
23.23\t;44.00\t;981.71\t;1517971110
23.23\t;42.75\t;981.68\t;1517971140
23.22\t;44.04\t;981.79\t;1517971170
23.23\t;44.33\t;981.75\t;1517971200
23.21\t;43.89\t;981.74\t;1517971230
23.2\t;43.96\t;981.71\t;1517971260
23.19\t;41.97\t;981.70\t;1517971290
23.19\t;43.14\t;981.69\t;1517971320
23.18\t;44.46\t;981.73\t;1517971350
23.18\t;44.39\t;981.67\t;1517971380
23.21\t;43.71\t;981.65\t;1517971410
23.21\t;43.23\t;981.68\t;1517971440
23.19\t;41.96\t;981.70\t;1517971470
23.2\t;42.92\t;981.63\t;1517971500
23.19\t;42.68\t;981.66\t;1517971530
23.18\t;43.30\t;981.60\t;1517971560
23.2\t;43.18\t;981.63\t;1517971590
23.19\t;42.07\t;981.60\t;1517971620
23.2\t;44.30\t;981.69\t;1517971650
23.19\t;42.96\t;981.65\t;1517971680
23.21\t;41.63\t;981.67\t;1517971710
23.18\t;44.09\t;981.65\t;1517971740
23.17\t;43.16\t;981.58\t;1517971770
23.17\t;43.17\t;981.64\t;1517971800
23.15\t;43.10\t;981.52\t;1517971830
23.14\t;43.31\t;981.64\t;1517971860
23.14\t;44.35\t;981.52\t;1517971890
23.15\t;42.45\t;981.54\t;1517971920
23.13\t;41.78\t;981.52\t;1517971950
23.16\t;43.20\t;981.52\t;1517971980
23.14\t;43.16\t;981.47\t;1517972010
23.15\t;42.16\t;981.46\t;1517972040
23.15\t;42.46\t;981.57\t;1517972070
23.16\t;42.38\t;981.48\t;1517972100
23.17\t;42.73\t;981.49\t;1517972130
23.16\t;43.30\t;981.48\t;1517972160
23.16\t;43.44\t;981.47\t;1517972190
23.16\t;42.01\t;981.51\t;1517972220
23.17\t;40.19\t;981.46\t;1517972250
23.17\t;42.40\t;981.43\t;1517972280
23.14\t;42.91\t;981.43\t;1517972310
23.16\t;43.73\t;981.50\t;1517972340
23.15\t;43.13\t;981.49\t;1517972370
23.15\t;41.90\t;981.47\t;1517972400
23.13\t;44.35\t;981.45\t;1517972430
23.13\t;42.81\t;981.50\t;1517972460
23.14\t;41.90\t;981.46\t;1517972490
23.13\t;42.93\t;981.49\t;1517972520
23.13\t;41.42\t;981.48\t;1517972550
23.12\t;42.36\t;981.44\t;1517972580
23.14\t;42.77\t;981.47\t;1517972610
23.14\t;42.39\t;981.50\t;1517972640
23.14\t;42.16\t;981.51\t;1517972670
23.15\t;41.95\t;981.52\t;1517972700
23.16\t;42.54\t;981.55\t;1517972730
23.12\t;39.26\t;981.50\t;1517972760
23.13\t;43.36\t;981.45\t;1517972790
23.11\t;42.16\t;981.48\t;1517972820
23.13\t;42.78\t;981.47\t;1517972850
23.13\t;42.15\t;981.44\t;1517972880
23.14\t;41.28\t;981.44\t;1517972910
23.13\t;42.18\t;981.40\t;1517972940
23.14\t;43.97\t;981.44\t;1517972970
23.16\t;43.69\t;981.44\t;1517973000
23.15\t;41.47\t;981.38\t;1517973030
23.14\t;42.98\t;981.39\t;1517973060
23.14\t;41.58\t;981.47\t;1517973090
23.15\t;42.84\t;981.39\t;1517973120
23.15\t;42.55\t;981.42\t;1517973150
23.14\t;43.81\t;981.44\t;1517973180
23.15\t;43.60\t;981.50\t;1517973210
23.15\t;43.94\t;981.41\t;1517973240
23.14\t;42.10\t;981.43\t;1517973270
23.14\t;43.20\t;981.42\t;1517973300
23.12\t;42.74\t;981.40\t;1517973330
23.12\t;43.01\t;981.43\t;1517973360
23.12\t;43.08\t;981.38\t;1517973390
23.12\t;44.56\t;981.38\t;1517973420
23.13\t;43.25\t;981.42\t;1517973450
23.13\t;43.29\t;981.37\t;1517973480
23.12\t;43.06\t;981.38\t;1517973510
23.14\t;42.68\t;981.38\t;1517973540
23.15\t;43.03\t;981.36\t;1517973570
23.14\t;44.02\t;981.37\t;1517973600
23.16\t;43.72\t;981.46\t;1517973630
23.17\t;42.83\t;981.40\t;1517973660
23.15\t;44.59\t;981.36\t;1517973690
23.15\t;43.63\t;981.40\t;1517973720
23.15\t;44.13\t;981.39\t;1517973750
23.15\t;43.71\t;981.33\t;1517973780
23.14\t;44.87\t;981.40\t;1517973810
23.14\t;43.69\t;981.43\t;1517973840
23.15\t;43.79\t;981.34\t;1517973870
23.14\t;44.90\t;981.33\t;1517973900
23.13\t;43.17\t;981.35\t;1517973930
23.12\t;43.61\t;981.29\t;1517973960
23.13\t;42.86\t;981.30\t;1517973990
23.13\t;43.60\t;981.28\t;1517974020
23.14\t;44.12\t;981.34\t;1517974050
23.14\t;43.57\t;981.24\t;1517974080
23.13\t;42.62\t;981.30\t;1517974110
23.14\t;43.48\t;981.24\t;1517974140
23.14\t;43.75\t;981.25\t;1517974170
23.14\t;42.32\t;981.24\t;1517974200
23.13\t;42.36\t;981.19\t;1517974230
23.14\t;42.09\t;981.32\t;1517974260
23.14\t;42.11\t;981.26\t;1517974290
23.14\t;43.71\t;981.15\t;1517974320
23.15\t;43.51\t;981.22\t;1517974350
23.14\t;43.41\t;981.12\t;1517974380
23.15\t;45.20\t;981.10\t;1517974410
23.13\t;44.37\t;981.17\t;1517974440
23.15\t;43.46\t;981.16\t;1517974470
23.14\t;44.28\t;981.16\t;1517974500
23.12\t;43.38\t;981.24\t;1517974530
23.14\t;41.91\t;981.19\t;1517974560
23.12\t;43.47\t;981.13\t;1517974590
23.15\t;43.61\t;981.19\t;1517974620
23.13\t;42.58\t;981.18\t;1517974650
23.15\t;43.35\t;981.22\t;1517974680
23.14\t;43.36\t;981.19\t;1517974710
23.15\t;43.45\t;981.16\t;1517974740
23.13\t;43.37\t;981.08\t;1517974770
23.13\t;42.76\t;981.10\t;1517974800
23.14\t;43.80\t;981.07\t;1517974830
23.13\t;43.53\t;981.11\t;1517974860
23.13\t;43.69\t;981.03\t;1517974890
23.13\t;43.47\t;981.10\t;1517974920
23.12\t;42.84\t;981.12\t;1517974950
23.13\t;42.83\t;981.08\t;1517974980
23.13\t;43.42\t;981.10\t;1517975010
23.13\t;44.59\t;981.10\t;1517975040
23.15\t;44.88\t;981.16\t;1517975070
23.14\t;42.12\t;981.14\t;1517975100
23.15\t;44.20\t;981.08\t;1517975130
23.14\t;44.49\t;981.01\t;1517975160
23.15\t;44.04\t;981.11\t;1517975190
23.16\t;43.98\t;981.03\t;1517975220
23.17\t;43.74\t;981.07\t;1517975250
23.16\t;44.21\t;981.09\t;1517975280
23.14\t;44.49\t;981.15\t;1517975310
23.14\t;44.17\t;981.12\t;1517975340
23.14\t;43.20\t;981.07\t;1517975370
23.14\t;44.70\t;981.08\t;1517975400
23.14\t;43.60\t;981.07\t;1517975430
23.14\t;43.38\t;981.11\t;1517975460
23.15\t;43.91\t;981.13\t;1517975490
23.12\t;43.56\t;981.02\t;1517975520
23.14\t;43.56\t;981.05\t;1517975550
23.13\t;43.92\t;981.03\t;1517975580
23.11\t;44.13\t;981.01\t;1517975610
23.13\t;42.10\t;980.94\t;1517975640
23.14\t;43.46\t;981.01\t;1517975670
23.14\t;43.96\t;981.00\t;1517975700
23.14\t;43.47\t;981.00\t;1517975730
23.13\t;43.36\t;981.01\t;1517975760
23.14\t;43.48\t;981.07\t;1517975790
23.13\t;44.74\t;981.07\t;1517975820
23.13\t;45.51\t;981.05\t;1517975850
23.16\t;44.15\t;981.02\t;1517975880
23.16\t;42.95\t;981.01\t;1517975910
23.17\t;42.90\t;981.04\t;1517975940
23.17\t;43.55\t;981.13\t;1517975970
23.17\t;43.62\t;981.01\t;1517976000
23.16\t;43.76\t;980.98\t;1517976030
23.17\t;43.46\t;981.03\t;1517976060
23.16\t;43.41\t;981.02\t;1517976090
23.15\t;44.99\t;981.06\t;1517976120
23.15\t;43.92\t;981.04\t;1517976150
23.16\t;44.33\t;981.02\t;1517976180
23.16\t;43.75\t;980.99\t;1517976210
23.17\t;43.38\t;981.04\t;1517976240
23.16\t;45.18\t;981.10\t;1517976270
23.16\t;43.66\t;981.04\t;1517976300
23.16\t;42.40\t;981.03\t;1517976330
23.16\t;44.21\t;980.95\t;1517976360
23.14\t;43.40\t;981.04\t;1517976390
23.17\t;43.55\t;981.03\t;1517976420
23.17\t;43.55\t;981.02\t;1517976450
23.17\t;43.53\t;981.01\t;1517976480
23.15\t;43.58\t;981.04\t;1517976510
23.13\t;42.84\t;981.07\t;1517976540
23.12\t;42.15\t;981.09\t;1517976570
23.13\t;43.56\t;981.10\t;1517976600
23.14\t;42.97\t;981.05\t;1517976630
23.16\t;44.48\t;981.10\t;1517976660
23.14\t;43.97\t;981.04\t;1517976690
23.13\t;44.05\t;981.08\t;1517976720
23.12\t;42.69\t;981.03\t;1517976750
23.12\t;44.14\t;981.01\t;1517976780
23.11\t;43.97\t;981.04\t;1517976810
23.11\t;43.58\t;981.03\t;1517976840
23.12\t;43.39\t;981.11\t;1517976870
23.14\t;43.57\t;981.07\t;1517976900
23.15\t;43.15\t;981.12\t;1517976930
23.15\t;44.10\t;981.02\t;1517976960
23.14\t;43.82\t;981.04\t;1517976990
23.15\t;44.73\t;981.06\t;1517977020
23.15\t;43.95\t;981.04\t;1517977050
23.15\t;43.48\t;981.07\t;1517977080
23.14\t;42.73\t;981.07\t;1517977110
23.15\t;45.00\t;981.09\t;1517977140
23.15\t;44.28\t;981.08\t;1517977170
23.15\t;44.05\t;981.09\t;1517977200
23.14\t;42.62\t;981.10\t;1517977230
23.15\t;44.47\t;981.13\t;1517977260
23.16\t;43.82\t;981.13\t;1517977290
23.14\t;44.18\t;981.15\t;1517977320
23.13\t;44.19\t;981.07\t;1517977350
23.14\t;43.66\t;981.04\t;1517977380
23.14\t;43.45\t;981.07\t;1517977410
23.13\t;44.88\t;981.08\t;1517977440
23.12\t;42.98\t;981.14\t;1517977470
23.14\t;43.64\t;981.09\t;1517977500
23.14\t;43.06\t;981.07\t;1517977530
23.13\t;43.35\t;981.03\t;1517977560
23.12\t;43.01\t;980.96\t;1517977590
23.13\t;44.05\t;981.05\t;1517977620
23.11\t;42.66\t;980.96\t;1517977650
23.12\t;44.06\t;981.06\t;1517977680
23.12\t;45.22\t;981.06\t;1517977710
23.14\t;43.24\t;980.96\t;1517977740
23.13\t;42.33\t;981.07\t;1517977770
23.15\t;43.35\t;981.09\t;1517977800
23.14\t;41.98\t;980.97\t;1517977830
23.12\t;42.72\t;980.94\t;1517977860
23.13\t;43.41\t;981.02\t;1517977890
23.12\t;42.28\t;981.07\t;1517977920
23.13\t;44.57\t;980.99\t;1517977950
23.14\t;42.87\t;981.03\t;1517977980
23.16\t;42.91\t;981.09\t;1517978010
23.16\t;43.51\t;981.12\t;1517978040
23.15\t;43.80\t;981.06\t;1517978070
23.15\t;44.05\t;981.09\t;1517978100
23.15\t;43.04\t;981.10\t;1517978130
23.13\t;44.76\t;981.05\t;1517978160
23.13\t;43.98\t;981.04\t;1517978190
23.14\t;44.52\t;981.07\t;1517978220
23.12\t;43.68\t;981.03\t;1517978250
23.12\t;42.13\t;981.08\t;1517978280
23.14\t;42.50\t;981.08\t;1517978310
23.13\t;43.95\t;981.06\t;1517978340
23.14\t;44.54\t;981.06\t;1517978370
23.14\t;42.69\t;981.11\t;1517978400
23.14\t;43.00\t;981.15\t;1517978430
23.15\t;43.55\t;981.05\t;1517978460
23.14\t;43.56\t;981.08\t;1517978490
23.14\t;43.59\t;981.04\t;1517978520
3.05\t;981.72\t;3030;1517978550
23.17\t;42.30\t;981.77\t;1517978580
23.15\t;44.23\t;981.73\t;1517978610
23.15\t;42.70\t;981.68\t;1517978640
23.14\t;46.16\t;981.75\t;1517978670
23.14\t;42.68\t;981.74\t;1517978700
23.14\t;42.04\t;981.74\t;1517978730
23.14\t;42.52\t;981.72\t;1517978760
23.15\t;41.26\t;981.69\t;1517978790
23.15\t;43.12\t;981.75\t;1517978820
23.15\t;42.85\t;981.71\t;1517978850
23.14\t;42.77\t;981.73\t;1517978880
23.15\t;43.40\t;981.76\t;1517978910
23.15\t;42.67\t;981.69\t;1517978940
23.17\t;41.53\t;981.66\t;1517978970
23.18\t;43.30\t;981.63\t;1517979000
23.19\t;42.71\t;981.67\t;1517979030
23.18\t;41.74\t;981.63\t;1517979060
23.19\t;42.37\t;981.63\t;1517979090
23.21\t;42.06\t;981.69\t;1517979120
23.2\t;43.43\t;981.71\t;1517979150
23.2\t;42.32\t;981.74\t;1517979180
23.2\t;41.80\t;981.70\t;1517979210
23.22\t;43.02\t;981.73\t;1517979240
23.22\t;41.72\t;981.71\t;1517979270
23.21\t;43.29\t;981.68\t;1517979300
23.22\t;43.22\t;981.72\t;1517979330
23.19\t;42.95\t;981.66\t;1517979360
23.2\t;44.68\t;981.71\t;1517979390
23.2\t;42.38\t;981.70\t;1517979420
23.18\t;43.88\t;981.73\t;1517979450
23.19\t;43.15\t;981.68\t;1517979480
23.18\t;43.07\t;981.69\t;1517979510
23.17\t;43.09\t;981.66\t;1517979540
23.18\t;41.99\t;981.67\t;1517979570
23.19\t;43.06\t;981.64\t;1517979600
23.2\t;41.77\t;981.73\t;1517979630
23.21\t;42.99\t;981.66\t;1517979660
23.2\t;42.25\t;981.74\t;1517979690
23.2\t;44.07\t;981.68\t;1517979720
23.19\t;43.39\t;981.70\t;1517979750
23.21\t;43.20\t;981.66\t;1517979780
23.23\t;43.93\t;981.68\t;1517979810
23.23\t;42.36\t;981.60\t;1517979840
23.22\t;43.13\t;981.75\t;1517979870
23.23\t;43.70\t;981.71\t;1517979900
23.23\t;43.48\t;981.67\t;1517979930
23.23\t;44.18\t;981.65\t;1517979960
23.23\t;44.00\t;981.71\t;1517979990
23.23\t;42.75\t;981.68\t;1517980020
23.22\t;44.04\t;981.79\t;1517980050
23.23\t;44.33\t;981.75\t;1517980080
23.21\t;43.89\t;981.74\t;1517980110
23.2\t;43.96\t;981.71\t;1517980140
23.19\t;41.97\t;981.70\t;1517980170
23.19\t;43.14\t;981.69\t;1517980200
23.18\t;44.46\t;981.73\t;1517980230
23.18\t;44.39\t;981.67\t;1517980260
23.21\t;43.71\t;981.65\t;1517980290
23.21\t;43.23\t;981.68\t;1517980320
23.19\t;41.96\t;981.70\t;1517980350
23.2\t;42.92\t;981.63\t;1517980380
23.19\t;42.68\t;981.66\t;1517980410
23.18\t;43.30\t;981.60\t;1517980440
23.2\t;43.18\t;981.63\t;1517980470
23.19\t;42.07\t;981.60\t;1517980500
23.2\t;44.30\t;981.69\t;1517980530
23.19\t;42.96\t;981.65\t;1517980560
23.21\t;41.63\t;981.67\t;1517980590
23.18\t;44.09\t;981.65\t;1517980620
23.17\t;43.16\t;981.58\t;1517980650
23.17\t;43.17\t;981.64\t;1517980680
23.15\t;43.10\t;981.52\t;1517980710
23.14\t;43.31\t;981.64\t;1517980740
23.14\t;44.35\t;981.52\t;1517980770
23.15\t;42.45\t;981.54\t;1517980800
23.13\t;41.78\t;981.52\t;1517980830
23.16\t;43.20\t;981.52\t;1517980860
23.14\t;43.16\t;981.47\t;1517980890
23.15\t;42.16\t;981.46\t;1517980920
23.15\t;42.46\t;981.57\t;1517980950
23.16\t;42.38\t;981.48\t;1517980980
23.17\t;42.73\t;981.49\t;1517981010
23.16\t;43.30\t;981.48\t;1517981040
23.16\t;43.44\t;981.47\t;1517981070
23.16\t;42.01\t;981.51\t;1517981100
23.17\t;40.19\t;981.46\t;1517981130
23.17\t;42.40\t;981.43\t;1517981160
23.14\t;42.91\t;981.43\t;1517981190
23.16\t;43.73\t;981.50\t;1517981220
23.15\t;43.13\t;981.49\t;1517981250
23.15\t;41.90\t;981.47\t;1517981280
23.13\t;44.35\t;981.45\t;1517981310
23.13\t;42.81\t;981.50\t;1517981340
23.14\t;41.90\t;981.46\t;1517981370
23.13\t;42.93\t;981.49\t;1517981400
23.13\t;41.42\t;981.48\t;1517981430
23.12\t;42.36\t;981.44\t;1517981460
23.14\t;42.77\t;981.47\t;1517981490
23.14\t;42.39\t;981.50\t;1517981520
23.14\t;42.16\t;981.51\t;1517981550
23.15\t;41.95\t;981.52\t;1517981580
23.16\t;42.54\t;981.55\t;1517981610
23.12\t;39.26\t;981.50\t;1517981640
23.13\t;43.36\t;981.45\t;1517981670
23.11\t;42.16\t;981.48\t;1517981700
23.13\t;42.78\t;981.47\t;1517981730
23.13\t;42.15\t;981.44\t;1517981760
23.14\t;41.28\t;981.44\t;1517981790
23.13\t;42.18\t;981.40\t;1517981820
23.14\t;43.97\t;981.44\t;1517981850
23.16\t;43.69\t;981.44\t;1517981880
23.15\t;41.47\t;981.38\t;1517981910
23.14\t;42.98\t;981.39\t;1517981940
23.14\t;41.58\t;981.47\t;1517981970
23.15\t;42.84\t;981.39\t;1517982000
23.15\t;42.55\t;981.42\t;1517982030
23.14\t;43.81\t;981.44\t;1517982060
23.15\t;43.60\t;981.50\t;1517982090
23.15\t;43.94\t;981.41\t;1517982120
23.14\t;42.10\t;981.43\t;1517982150
23.14\t;43.20\t;981.42\t;1517982180
23.12\t;42.74\t;981.40\t;1517982210
23.12\t;43.01\t;981.43\t;1517982240
23.12\t;43.08\t;981.38\t;1517982270
23.12\t;44.56\t;981.38\t;1517982300
23.13\t;43.25\t;981.42\t;1517982330
23.13\t;43.29\t;981.37\t;1517982360
23.12\t;43.06\t;981.38\t;1517982390
23.14\t;42.68\t;981.38\t;1517982420
23.15\t;43.03\t;981.36\t;1517982450
23.14\t;44.02\t;981.37\t;1517982480
23.16\t;43.72\t;981.46\t;1517982510
23.17\t;42.83\t;981.40\t;1517982540
23.15\t;44.59\t;981.36\t;1517982570
23.15\t;43.63\t;981.40\t;1517982600
23.15\t;44.13\t;981.39\t;1517982630
23.15\t;43.71\t;981.33\t;1517982660
23.14\t;44.87\t;981.40\t;1517982690
23.14\t;43.69\t;981.43\t;1517982720
23.15\t;43.79\t;981.34\t;1517982750
23.14\t;44.90\t;981.33\t;1517982780
23.13\t;43.17\t;981.35\t;1517982810
23.12\t;43.61\t;981.29\t;1517982840
23.13\t;42.86\t;981.30\t;1517982870
23.13\t;43.60\t;981.28\t;1517982900
23.14\t;44.12\t;981.34\t;1517982930
23.14\t;43.57\t;981.24\t;1517982960
23.13\t;42.62\t;981.30\t;1517982990
23.14\t;43.48\t;981.24\t;1517983020
23.14\t;43.75\t;981.25\t;1517983050
23.14\t;42.32\t;981.24\t;1517983080
23.13\t;42.36\t;981.19\t;1517983110
23.14\t;42.09\t;981.32\t;1517983140
23.14\t;42.11\t;981.26\t;1517983170
23.14\t;43.71\t;981.15\t;1517983200
23.15\t;43.51\t;981.22\t;1517983230
23.14\t;43.41\t;981.12\t;1517983260
23.15\t;45.20\t;981.10\t;1517983290
23.13\t;44.37\t;981.17\t;1517983320
23.15\t;43.46\t;981.16\t;1517983350
23.14\t;44.28\t;981.16\t;1517983380
23.12\t;43.38\t;981.24\t;1517983410
23.14\t;41.91\t;981.19\t;1517983440
23.12\t;43.47\t;981.13\t;1517983470
23.15\t;43.61\t;981.19\t;1517983500
23.13\t;42.58\t;981.18\t;1517983530
23.15\t;43.35\t;981.22\t;1517983560
23.14\t;43.36\t;981.19\t;1517983590
23.15\t;43.45\t;981.16\t;1517983620
23.13\t;43.37\t;981.08\t;1517983650
23.13\t;42.76\t;981.10\t;1517983680
23.14\t;43.80\t;981.07\t;1517983710
23.13\t;43.53\t;981.11\t;1517983740
23.13\t;43.69\t;981.03\t;1517983770
23.13\t;43.47\t;981.10\t;1517983800
23.12\t;42.84\t;981.12\t;1517983830
23.13\t;42.83\t;981.08\t;1517983860
23.13\t;43.42\t;981.10\t;1517983890
23.13\t;44.59\t;981.10\t;1517983920
23.15\t;44.88\t;981.16\t;1517983950
23.14\t;42.12\t;981.14\t;1517983980
23.15\t;44.20\t;981.08\t;1517984010
23.14\t;44.49\t;981.01\t;1517984040
23.15\t;44.04\t;981.11\t;1517984070
23.16\t;43.98\t;981.03\t;1517984100
23.17\t;43.74\t;981.07\t;1517984130
23.16\t;44.21\t;981.09\t;1517984160
23.14\t;44.49\t;981.15\t;1517984190
23.14\t;44.17\t;981.12\t;1517984220
23.14\t;43.20\t;981.07\t;1517984250
23.14\t;44.70\t;981.08\t;1517984280
23.14\t;43.60\t;981.07\t;1517984310
23.14\t;43.38\t;981.11\t;1517984340
23.15\t;43.91\t;981.13\t;1517984370
20.7\t;40.79\t;989.00\t;1517984400
20.7\t;40.42\t;988.95\t;1517984430
20.71\t;39.53\t;988.97\t;1517984460
20.73\t;39.63\t;989.00\t;1517984490
20.71\t;40.91\t;988.98\t;1517984520
20.73\t;39.70\t;988.92\t;1517984550
20.73\t;41.39\t;989.02\t;1517984580
20.73\t;41.24\t;989.04\t;1517984610
20.72\t;40.31\t;988.94\t;1517984640
20.74\t;42.36\t;988.87\t;1517984670
20.74\t;40.85\t;988.95\t;1517984700
20.74\t;40.66\t;989.00\t;1517984730
20.75\t;40.28\t;988.88\t;1517984760
20.74\t;41.81\t;989.00\t;1517984790
20.75\t;40.82\t;988.94\t;1517984820
20.74\t;40.14\t;989.04\t;1517984850
20.76\t;41.25\t;988.94\t;1517984880
20.75\t;40.00\t;988.97\t;1517984910
20.75\t;41.28\t;988.99\t;1517984940
20.75\t;40.67\t;989.01\t;1517984970
20.76\t;41.04\t;989.01\t;1517985000
20.73\t;42.38\t;989.05\t;1517985030
20.74\t;40.56\t;988.96\t;1517985060
20.76\t;40.90\t;989.02\t;1517985090
20.75\t;40.68\t;989.00\t;1517985120
20.77\t;38.95\t;989.06\t;1517985150
20.77\t;39.93\t;988.97\t;1517985180
20.79\t;39.85\t;989.09\t;1517985210
20.78\t;40.53\t;988.98\t;1517985240
20.77\t;40.22\t;988.92\t;1517985270
20.77\t;39.49\t;988.97\t;1517985300
20.78\t;40.44\t;988.89\t;1517985330
20.77\t;39.87\t;988.97\t;1517985360
20.77\t;40.82\t;988.97\t;1517985390
20.79\t;40.69\t;988.96\t;1517985420
20.77\t;40.55\t;988.97\t;1517985450
20.77\t;39.92\t;988.88\t;1517985480
20.77\t;40.60\t;988.92\t;1517985510
20.77\t;41.04\t;988.90\t;1517985540
20.78\t;40.68\t;988.86\t;1517985570
20.77\t;41.46\t;988.88\t;1517985600
20.77\t;39.44\t;988.89\t;1517985630
20.79\t;39.55\t;988.88\t;1517985660
20.79\t;42.37\t;988.86\t;1517985690
20.8\t;40.21\t;988.99\t;1517985720
20.8\t;38.94\t;988.91\t;1517985750
20.79\t;41.47\t;988.96\t;1517985780
20.8\t;40.57\t;988.93\t;1517985810
20.79\t;40.51\t;988.85\t;1517985840
20.79\t;39.94\t;988.89\t;1517985870
20.8\t;40.66\t;988.91\t;1517985900
20.8\t;40.79\t;988.90\t;1517985930
20.79\t;40.13\t;988.93\t;1517985960
20.76\t;39.74\t;988.97\t;1517985990
20.79\t;40.58\t;988.85\t;1517986020
20.8\t;40.63\t;988.85\t;1517986050
20.8\t;41.89\t;988.88\t;1517986080
20.8\t;40.11\t;988.84\t;1517986110
20.79\t;39.66\t;988.91\t;1517986140
20.8\t;40.14\t;988.85\t;1517986170
20.8\t;40.26\t;988.85\t;1517986200
20.81\t;40.66\t;988.92\t;1517986230
20.79\t;38.72\t;988.94\t;1517986260
20.81\t;41.35\t;988.88\t;1517986290
20.8\t;40.40\t;988.95\t;1517986320
20.82\t;38.64\t;988.91\t;1517986350
20.82\t;39.34\t;988.90\t;1517986380
20.82\t;40.43\t;988.88\t;1517986410
20.83\t;40.96\t;988.88\t;1517986440
20.83\t;40.55\t;988.95\t;1517986470
20.83\t;40.12\t;988.80\t;1517986500
20.85\t;40.78\t;988.86\t;1517986530
20.84\t;40.24\t;988.86\t;1517986560
20.83\t;40.73\t;988.86\t;1517986590
20.84\t;41.22\t;988.84\t;1517986620
20.85\t;40.34\t;988.78\t;1517986650
20.86\t;39.87\t;988.77\t;1517986680
20.85\t;40.76\t;988.82\t;1517986710
20.86\t;39.51\t;988.79\t;1517986740
20.85\t;40.97\t;988.82\t;1517986770
20.86\t;38.99\t;988.81\t;1517986800
20.85\t;41.80\t;988.85\t;1517986830
20.85\t;41.63\t;988.78\t;1517986860
20.84\t;38.94\t;988.79\t;1517986890
20.86\t;41.98\t;988.74\t;1517986920
20.87\t;39.70\t;988.70\t;1517986950
20.86\t;39.98\t;988.79\t;1517986980
20.85\t;40.89\t;988.74\t;1517987010
20.86\t;39.79\t;988.84\t;1517987040
20.85\t;40.92\t;988.75\t;1517987070
20.85\t;41.19\t;988.69\t;1517987100
20.86\t;40.23\t;988.75\t;1517987130
20.87\t;41.21\t;988.71\t;1517987160
20.87\t;40.00\t;988.79\t;1517987190
20.87\t;41.39\t;988.79\t;1517987220
20.86\t;42.07\t;988.71\t;1517987250
20.84\t;41.04\t;988.73\t;1517987280
20.86\t;41.15\t;988.80\t;1517987310
20.86\t;41.75\t;988.74\t;1517987340
20.87\t;41.26\t;988.79\t;1517987370
20.87\t;38.54\t;988.72\t;1517987400
20.87\t;40.88\t;988.71\t;1517987430
20.88\t;40.79\t;988.71\t;1517987460
20.87\t;40.00\t;988.75\t;1517987490
20.9\t;40.87\t;988.70\t;1517987520
20.87\t;40.44\t;988.82\t;1517987550
20.89\t;40.86\t;988.76\t;1517987580
20.88\t;41.51\t;988.79\t;1517987610
20.88\t;41.90\t;988.81\t;1517987640
20.88\t;40.95\t;988.79\t;1517987670
20.89\t;41.84\t;988.79\t;1517987700
20.9\t;41.11\t;988.84\t;1517987730
20.89\t;40.51\t;988.80\t;1517987760
20.9\t;40.66\t;988.87\t;1517987790
20.9\t;40.79\t;988.86\t;1517987820
20.89\t;40.08\t;988.86\t;1517987850
20.9\t;40.41\t;988.86\t;1517987880
20.9\t;40.22\t;988.83\t;1517987910
20.91\t;40.81\t;988.90\t;1517987940
20.9\t;40.88\t;988.85\t;1517987970
20.91\t;40.90\t;988.88\t;1517988000
20.91\t;41.64\t;988.88\t;1517988030
20.92\t;42.00\t;988.99\t;1517988060
20.91\t;40.82\t;988.91\t;1517988090
20.92\t;40.59\t;988.94\t;1517988120
20.92\t;42.14\t;988.97\t;1517988150
20.93\t;40.36\t;988.91\t;1517988180
20.92\t;40.54\t;988.97\t;1517988210
20.92\t;40.31\t;988.96\t;1517988240
20.93\t;42.99\t;989.01\t;1517988270
20.92\t;41.11\t;988.96\t;1517988300
20.92\t;41.46\t;988.89\t;1517988330
20.91\t;38.72\t;988.98\t;1517988360
20.92\t;41.76\t;989.01\t;1517988390
20.92\t;41.51\t;988.93\t;1517988420
20.91\t;42.90\t;988.92\t;1517988450
20.92\t;39.94\t;988.96\t;1517988480
20.92\t;40.19\t;989.00\t;1517988510
20.93\t;40.47\t;989.06\t;1517988540
20.91\t;40.95\t;988.92\t;1517988570
20.91\t;42.71\t;988.93\t;1517988600
20.93\t;40.64\t;988.92\t;1517988630
20.93\t;41.23\t;988.96\t;1517988660
20.93\t;41.21\t;988.93\t;1517988690
20.94\t;40.87\t;988.95\t;1517988720
20.94\t;40.92\t;988.93\t;1517988750
20.93\t;40.63\t;988.90\t;1517988780
20.94\t;41.21\t;988.89\t;1517988810
20.93\t;39.78\t;988.92\t;1517988840
20.93\t;40.64\t;988.92\t;1517988870
20.94\t;40.08\t;988.93\t;1517988900
20.95\t;39.99\t;988.93\t;1517988930
20.94\t;40.80\t;988.89\t;1517988960
20.95\t;40.57\t;988.91\t;1517988990
20.94\t;40.65\t;988.91\t;1517989020
20.94\t;39.76\t;988.95\t;1517989050
20.93\t;40.90\t;988.96\t;1517989080
20.93\t;40.96\t;988.92\t;1517989110
20.93\t;38.80\t;988.98\t;1517989140
20.93\t;41.36\t;988.94\t;1517989170
20.93\t;41.68\t;989.00\t;1517989200
20.94\t;41.48\t;989.01\t;1517989230
20.93\t;41.34\t;988.91\t;1517989260
20.92\t;41.83\t;988.90\t;1517989290
20.92\t;41.90\t;988.89\t;1517989320
20.92\t;41.86\t;989.01\t;1517989350
20.92\t;41.27\t;988.99\t;1517989380
20.92\t;41.46\t;989.14\t;1517989410
20.94\t;40.66\t;988.95\t;1517989440
20.93\t;41.77\t;989.04\t;1517989470
20.93\t;40.58\t;988.95\t;1517989500
20.93\t;41.70\t;988.97\t;1517989530
20.93\t;41.55\t;988.95\t;1517989560
20.94\t;41.06\t;988.96\t;1517989590
20.94\t;40.81\t;988.96\t;1517989620
20.94\t;41.39\t;988.88\t;1517989650
20.94\t;41.39\t;988.96\t;1517989680
20.94\t;41.39\t;988.90\t;1517989710
20.93\t;41.06\t;988.94\t;1517989740
20.93\t;42.31\t;988.91\t;1517989770
20.94\t;41.57\t;988.97\t;1517989800
20.95\t;42.28\t;988.97\t;1517989830
20.95\t;40.91\t;988.95\t;1517989860
20.95\t;41.34\t;988.95\t;1517989890
20.95\t;41.15\t;988.91\t;1517989920
20.96\t;41.21\t;988.91\t;1517989950
20.96\t;42.18\t;988.99\t;1517989980
20.96\t;41.38\t;989.01\t;1517990010
20.96\t;40.80\t;988.91\t;1517990040
20.96\t;41.52\t;988.96\t;1517990070
20.97\t;41.37\t;988.99\t;1517990100
20.97\t;41.20\t;988.99\t;1517990130
20.95\t;40.47\t;989.07\t;1517990160
20.95\t;41.15\t;988.98\t;1517990190
20.95\t;41.16\t;989.02\t;1517990220
20.96\t;40.59\t;988.94\t;1517990250
20.96\t;40.56\t;989.04\t;1517990280
20.98\t;40.14\t;989.05\t;1517990310
20.99\t;40.05\t;988.98\t;1517990340
20.99\t;40.48\t;988.98\t;1517990370
20.99\t;41.11\t;989.05\t;1517990400
21.0\t;40.26\t;989.00\t;1517990430
20.98\t;41.82\t;989.00\t;1517990460
20.98\t;41.60\t;989.07\t;1517990490
20.97\t;40.19\t;989.01\t;1517990520
20.98\t;40.52\t;988.99\t;1517990550
20.99\t;40.03\t;989.00\t;1517990580
20.99\t;41.55\t;988.98\t;1517990610
20.98\t;41.19\t;989.07\t;1517990640
20.98\t;42.02\t;989.00\t;1517990670
20.98\t;41.17\t;988.99\t;1517990700
20.97\t;41.06\t;989.02\t;1517990730
20.99\t;41.38\t;988.98\t;1517990760
20.99\t;41.64\t;989.00\t;1517990790
20.99\t;42.66\t;988.96\t;1517990820
20.99\t;39.97\t;988.98\t;1517990850
20.98\t;41.10\t;988.97\t;1517990880
21.0\t;40.77\t;988.97\t;1517990910
20.99\t;40.18\t;988.98\t;1517990940
20.99\t;41.69\t;988.92\t;1517990970
20.99\t;40.92\t;988.96\t;1517991000
20.99\t;42.06\t;989.00\t;1517991030
21.0\t;41.28\t;988.97\t;1517991060
21.0\t;40.90\t;988.98\t;1517991090
21.01\t;40.91\t;989.01\t;1517991120
21.01\t;40.21\t;988.97\t;1517991150
21.0\t;41.02\t;989.00\t;1517991180
20.98\t;40.79\t;988.94\t;1517991210
20.99\t;40.63\t;988.97\t;1517991240
20.99\t;43.41\t;989.00\t;1517991270
21.01\t;39.17\t;988.94\t;1517991300
21.0\t;41.38\t;988.92\t;1517991330
21.0\t;39.82\t;989.04\t;1517991360
21.0\t;41.45\t;989.00\t;1517991390
21.01\t;40.22\t;988.97\t;1517991420
21.02\t;41.27\t;988.99\t;1517991450
20.98\t;40.12\t;988.95\t;1517991480
21.0\t;41.48\t;988.95\t;1517991510
21.0\t;40.96\t;989.01\t;1517991540
21.0\t;40.83\t;988.97\t;1517991570
21.0\t;42.29\t;988.96\t;1517991600
20.99\t;40.86\t;988.96\t;1517991630
21.01\t;41.67\t;989.04\t;1517991660
21.02\t;40.98\t;988.96\t;1517991690
21.02\t;39.69\t;989.01\t;1517991720
21.01\t;40.55\t;989.01\t;1517991750
21.0\t;41.24\t;988.97\t;1517991780
21.01\t;39.99\t;989.03\t;1517991810
21.0\t;40.65\t;988.98\t;1517991840
21.0\t;40.77\t;989.00\t;1517991870
21.0\t;40.87\t;989.04\t;1517991900
21.01\t;40.09\t;988.99\t;1517991930
21.01\t;42.10\t;988.90\t;1517991960
21.01\t;41.35\t;988.91\t;1517991990
21.01\t;40.76\t;988.93\t;1517992020
21.0\t;40.88\t;988.97\t;1517992050
21.0\t;41.33\t;988.93\t;1517992080
21.01\t;42.19\t;989.03\t;1517992110
21.01\t;41.28\t;988.97\t;1517992140
21.0\t;40.16\t;989.06\t;1517992170
21.01\t;40.09\t;989.00\t;1517992200
21.0\t;40.90\t;989.05\t;1517992230
21.01\t;40.89\t;988.95\t;1517992260
21.01\t;41.02\t;989.03\t;1517992290
21.02\t;41.54\t;988.98\t;1517992320
21.02\t;40.86\t;988.95\t;1517992350
21.02\t;42.37\t;989.07\t;1517992380
21.04\t;40.79\t;988.94\t;1517992410
21.02\t;41.13\t;988.99\t;1517992440
21.02\t;40.94\t;988.99\t;1517992470
21.01\t;41.65\t;989.01\t;1517992500
21.03\t;42.43\t;988.90\t;1517992530
21.02\t;41.47\t;988.95\t;1517992560
21.02\t;41.63\t;988.96\t;1517992590
21.01\t;39.99\t;989.03\t;1517992620
21.02\t;39.96\t;989.03\t;1517992650
21.01\t;39.88\t;988.95\t;1517992680
21.02\t;41.21\t;988.95\t;1517992710
21.02\t;39.99\t;989.00\t;1517992740
21.02\t;41.27\t;988.97\t;1517992770
21.03\t;40.23\t;988.99\t;1517992800
21.03\t;40.82\t;988.93\t;1517992830
21.04\t;41.40\t;989.02\t;1517992860
21.04\t;40.41\t;989.02\t;1517992890
21.03\t;40.12\t;989.02\t;1517992920
21.02\t;42.14\t;988.96\t;1517992950
21.03\t;40.18\t;988.93\t;1517992980
21.04\t;40.92\t;988.93\t;1517993010
21.05\t;40.69\t;989.01\t;1517993040
21.04\t;41.03\t;989.01\t;1517993070
21.02\t;39.63\t;989.01\t;1517993100
21.03\t;39.85\t;989.10\t;1517993130
21.02\t;39.21\t;988.99\t;1517993160
21.04\t;40.59\t;989.01\t;1517993190
21.05\t;40.89\t;989.03\t;1517993220
21.04\t;41.76\t;989.01\t;1517993250
21.05\t;39.49\t;989.05\t;1517993280
21.04\t;41.59\t;989.03\t;1517993310
21.04\t;41.76\t;989.02\t;1517993340
21.05\t;41.14\t;988.97\t;1517993370
21.04\t;40.80\t;989.08\t;1517993400
21.05\t;41.73\t;989.00\t;1517993430
21.04\t;39.92\t;989.03\t;1517993460
21.04\t;41.48\t;989.04\t;1517993490
21.06\t;41.25\t;989.09\t;1517993520
21.05\t;39.78\t;989.04\t;1517993550
21.06\t;40.57\t;988.98\t;1517993580
21.04\t;42.27\t;989.03\t;1517993610
21.05\t;40.38\t;988.98\t;1517993640
21.07\t;41.60\t;989.04\t;1517993670
21.06\t;40.76\t;989.02\t;1517993700
21.06\t;40.36\t;988.98\t;1517993730
21.07\t;40.81\t;988.93\t;1517993760
21.06\t;42.87\t;988.97\t;1517993790
21.06\t;41.23\t;989.02\t;1517993820
21.07\t;40.99\t;988.98\t;1517993850
21.05\t;40.93\t;988.99\t;1517993880
21.06\t;41.11\t;989.06\t;1517993910
21.05\t;42.34\t;989.04\t;1517993940
21.04\t;40.94\t;988.94\t;1517993970
21.03\t;41.00\t;989.05\t;1517994000
21.05\t;39.97\t;988.99\t;1517994030
21.07\t;41.49\t;989.04\t;1517994060
21.09\t;41.51\t;989.12\t;1517994090
21.05\t;41.34\t;988.99\t;1517994120
21.06\t;41.40\t;989.01\t;1517994150
21.06\t;40.73\t;989.04\t;1517994180
21.07\t;40.88\t;989.09\t;1517994210
21.04\t;41.39\t;989.11\t;1517994240
21.06\t;41.79\t;989.06\t;1517994270
21.07\t;40.90\t;989.09\t;1517994300
21.06\t;41.98\t;989.03\t;1517994330
21.07\t;39.92\t;989.04\t;1517994360
21.07\t;41.37\t;989.05\t;1517994390
21.06\t;40.95\t;989.12\t;1517994420
21.07\t;40.44\t;989.12\t;1517994450
21.06\t;41.75\t;989.06\t;1517994480
21.07\t;40.84\t;989.04\t;1517994510
21.06\t;41.04\t;989.13\t;1517994540
21.07\t;40.94\t;989.11\t;1517994570
21.06\t;41.46\t;989.07\t;1517994600
21.06\t;39.93\t;989.05\t;1517994630
21.06\t;40.49\t;989.03\t;1517994660
21.07\t;40.88\t;989.16\t;1517994690
21.06\t;40.87\t;989.12\t;1517994720
21.05\t;40.94\t;989.09\t;1517994750
21.07\t;41.44\t;989.07\t;1517994780
21.08\t;41.42\t;989.01\t;1517994810
21.08\t;39.80\t;989.11\t;1517994840
21.09\t;41.59\t;989.05\t;1517994870
21.08\t;41.51\t;989.10\t;1517994900
21.07\t;42.87\t;989.10\t;1517994930
21.08\t;40.99\t;989.08\t;1517994960
21.07\t;40.86\t;989.11\t;1517994990
21.09\t;39.69\t;989.14\t;1517995020
21.09\t;40.94\t;989.11\t;1517995050
21.08\t;40.87\t;989.09\t;1517995080
21.08\t;40.96\t;989.05\t;1517995110
21.07\t;40.73\t;989.16\t;1517995140
21.08\t;41.58\t;989.09\t;1517995170
21.09\t;40.71\t;989.12\t;1517995200
21.11\t;41.37\t;989.16\t;1517995230
21.13\t;40.94\t;989.11\t;1517995260
21.17\t;41.14\t;989.15\t;1517995290
21.18\t;40.60\t;989.12\t;1517995320
21.18\t;40.52\t;989.14\t;1517995350
21.18\t;42.63\t;989.17\t;1517995380
21.2\t;43.54\t;989.16\t;1517995410
21.22\t;43.45\t;989.16\t;1517995440
21.23\t;43.94\t;989.18\t;1517995470
21.23\t;44.25\t;989.19\t;1517995500
21.25\t;44.84\t;989.18\t;1517995530
21.26\t;43.60\t;989.08\t;1517995560
21.26\t;45.18\t;989.13\t;1517995590
21.27\t;44.50\t;989.10\t;1517995620
21.27\t;45.66\t;989.20\t;1517995650
21.28\t;44.43\t;989.13\t;1517995680
21.29\t;44.78\t;989.14\t;1517995710
21.3\t;44.85\t;989.07\t;1517995740
21.29\t;44.88\t;989.19\t;1517995770
21.3\t;43.93\t;989.13\t;1517995800
21.27\t;44.85\t;989.12\t;1517995830
21.26\t;45.17\t;989.18\t;1517995860
21.27\t;43.88\t;989.12\t;1517995890
21.24\t;44.74\t;989.10\t;1517995920
21.25\t;45.24\t;989.17\t;1517995950
21.26\t;44.29\t;989.07\t;1517995980
21.24\t;44.06\t;989.11\t;1517996010
21.25\t;43.02\t;989.20\t;1517996040
21.26\t;44.56\t;989.17\t;1517996070
21.25\t;44.59\t;989.14\t;1517996100
21.24\t;44.55\t;989.14\t;1517996130
21.24\t;43.97\t;989.12\t;1517996160
21.25\t;43.41\t;989.13\t;1517996190
21.26\t;44.20\t;989.08\t;1517996220
21.25\t;44.14\t;989.20\t;1517996250
21.25\t;44.22\t;989.15\t;1517996280
21.24\t;44.65\t;989.20\t;1517996310
21.25\t;42.80\t;989.13\t;1517996340
21.25\t;43.99\t;989.10\t;1517996370
21.24\t;44.54\t;989.09\t;1517996400
21.23\t;43.82\t;989.12\t;1517996430
21.24\t;44.18\t;989.11\t;1517996460
21.24\t;43.35\t;989.11\t;1517996490
21.25\t;44.11\t;989.03\t;1517996520
21.25\t;43.47\t;989.06\t;1517996550
21.25\t;43.24\t;989.11\t;1517996580
21.26\t;42.93\t;989.15\t;1517996610
21.26\t;43.24\t;989.11\t;1517996640
21.26\t;43.03\t;989.15\t;1517996670
21.26\t;43.25\t;989.11\t;1517996700
21.27\t;43.00\t;989.14\t;1517996730
21.24\t;43.72\t;989.13\t;1517996760
21.26\t;43.42\t;989.05\t;1517996790
21.26\t;43.62\t;989.01\t;1517996820
21.25\t;45.04\t;989.15\t;1517996850
21.26\t;43.66\t;989.11\t;1517996880
21.27\t;43.21\t;989.13\t;1517996910
21.28\t;42.57\t;989.10\t;1517996940
21.28\t;43.01\t;989.10\t;1517996970
21.27\t;43.95\t;989.09\t;1517997000
21.26\t;43.82\t;989.04\t;1517997030
21.26\t;43.71\t;989.09\t;1517997060
21.27\t;43.14\t;989.11\t;1517997090
21.27\t;43.62\t;989.16\t;1517997120
21.28\t;43.81\t;989.22\t;1517997150
21.27\t;43.40\t;989.12\t;1517997180
21.27\t;42.23\t;989.21\t;1517997210
21.28\t;43.04\t;989.14\t;1517997240
21.27\t;41.27\t;989.22\t;1517997270
21.28\t;44.42\t;989.17\t;1517997300
21.27\t;42.42\t;989.26\t;1517997330
21.28\t;42.31\t;989.18\t;1517997360
21.27\t;43.39\t;989.20\t;1517997390
21.27\t;42.24\t;989.23\t;1517997420
21.26\t;42.82\t;989.25\t;1517997450
21.27\t;42.36\t;989.20\t;1517997480
21.27\t;42.58\t;989.23\t;1517997510
21.27\t;42.08\t;989.24\t;1517997540
21.27\t;42.21\t;989.27\t;1517997570
21.26\t;42.64\t;989.21\t;1517997600
21.27\t;42.42\t;989.20\t;1517997630
21.27\t;42.89\t;989.21\t;1517997660
21.28\t;42.84\t;989.16\t;1517997690
21.28\t;43.43\t;989.19\t;1517997720
21.29\t;42.10\t;989.20\t;1517997750
21.29\t;42.28\t;989.24\t;1517997780
21.29\t;42.95\t;989.22\t;1517997810
21.28\t;42.51\t;989.24\t;1517997840
21.29\t;43.08\t;989.18\t;1517997870
21.3\t;42.43\t;989.23\t;1517997900
21.28\t;41.59\t;989.25\t;1517997930
21.26\t;42.71\t;989.25\t;1517997960
21.28\t;42.26\t;989.22\t;1517997990
21.28\t;41.97\t;989.20\t;1517998020
21.28\t;42.81\t;989.24\t;1517998050
21.29\t;42.43\t;989.23\t;1517998080
21.28\t;42.41\t;989.18\t;1517998110
21.27\t;42.28\t;989.17\t;1517998140
21.28\t;44.20\t;989.19\t;1517998170
21.29\t;42.39\t;989.17\t;1517998200
21.28\t;40.13\t;989.14\t;1517998230
21.29\t;42.73\t;989.21\t;1517998260
21.29\t;43.06\t;989.09\t;1517998290
21.3\t;41.46\t;989.17\t;1517998320
21.28\t;42.69\t;989.18\t;1517998350
21.27\t;42.35\t;989.14\t;1517998380
21.28\t;43.51\t;989.14\t;1517998410
21.29\t;42.04\t;989.09\t;1517998440
21.29\t;42.54\t;989.11\t;1517998470
21.28\t;42.26\t;989.18\t;1517998500
21.27\t;42.12\t;989.15\t;1517998530
21.28\t;42.18\t;989.07\t;1517998560
21.27\t;43.28\t;989.19\t;1517998590
21.28\t;43.06\t;989.14\t;1517998620
21.27\t;42.71\t;989.15\t;1517998650
21.26\t;42.48\t;989.22\t;1517998680
21.27\t;42.44\t;989.19\t;1517998710
21.27\t;41.91\t;989.17\t;1517998740
21.28\t;43.77\t;989.10\t;1517998770
21.29\t;40.39\t;989.11\t;1517998800
21.29\t;42.66\t;989.19\t;1517998830
21.29\t;42.22\t;989.14\t;1517998860
21.3\t;41.63\t;989.18\t;1517998890
21.29\t;43.38\t;989.09\t;1517998920
21.29\t;41.41\t;989.09\t;1517998950
21.28\t;41.61\t;989.18\t;1517998980
21.28\t;42.53\t;989.17\t;1517999010
21.28\t;41.48\t;989.10\t;1517999040
21.27\t;42.41\t;989.03\t;1517999070
21.28\t;43.87\t;989.11\t;1517999100
21.26\t;43.44\t;989.10\t;1517999130
21.26\t;42.07\t;989.02\t;1517999160
21.26\t;43.05\t;989.03\t;1517999190
21.27\t;41.02\t;989.02\t;1517999220
21.26\t;41.78\t;989.03\t;1517999250
21.25\t;41.66\t;988.99\t;1517999280
21.25\t;41.86\t;989.01\t;1517999310
21.26\t;42.80\t;989.03\t;1517999340
21.27\t;42.36\t;988.98\t;1517999370
21.27\t;41.85\t;989.01\t;1517999400
21.28\t;41.64\t;989.04\t;1517999430
21.27\t;41.94\t;989.06\t;1517999460
21.28\t;41.57\t;989.11\t;1517999490
21.29\t;42.11\t;989.10\t;1517999520
21.27\t;43.33\t;989.12\t;1517999550
21.29\t;42.17\t;989.16\t;1517999580
21.26\t;42.89\t;989.17\t;1517999610
21.26\t;41.58\t;989.10\t;1517999640
21.27\t;42.72\t;989.10\t;1517999670
21.26\t;41.14\t;989.17\t;1517999700
21.26\t;41.68\t;989.09\t;1517999730
21.27\t;41.94\t;989.07\t;1517999760
21.26\t;42.64\t;989.07\t;1517999790
21.27\t;41.70\t;989.04\t;1517999820
21.26\t;42.28\t;989.09\t;1517999850
21.25\t;42.52\t;989.10\t;1517999880
21.26\t;40.18\t;989.08\t;1517999910
21.26\t;41.85\t;989.08\t;1517999940
21.27\t;42.51\t;989.13\t;1517999970
21.25\t;41.21\t;988.97\t;1518000000
21.24\t;40.58\t;989.13\t;1518000030
21.25\t;41.95\t;989.02\t;1518000060
21.26\t;42.38\t;989.05\t;1518000090
21.26\t;41.70\t;989.00\t;1518000120
21.26\t;43.31\t;989.03\t;1518000150
21.24\t;41.22\t;989.02\t;1518000180
21.27\t;43.82\t;988.98\t;1518000210
21.28\t;41.91\t;989.06\t;1518000240
21.27\t;41.74\t;989.07\t;1518000270
21.26\t;41.90\t;989.01\t;1518000300
21.27\t;41.83\t;989.02\t;1518000330
21.27\t;42.79\t;989.07\t;1518000360
21.26\t;42.57\t;989.01\t;1518000390
21.26\t;41.19\t;989.01\t;1518000420
21.28\t;41.40\t;989.01\t;1518000450
21.26\t;44.59\t;989.05\t;1518000480
21.27\t;41.86\t;988.97\t;1518000510
21.26\t;41.28\t;989.01\t;1518000540
21.27\t;41.48\t;989.06\t;1518000570
21.26\t;41.84\t;989.07\t;1518000600
21.27\t;41.32\t;989.01\t;1518000630
21.27\t;41.96\t;989.03\t;1518000660
21.26\t;40.36\t;989.04\t;1518000690
21.27\t;41.78\t;989.03\t;1518000720
21.27\t;39.88\t;989.09\t;1518000750
21.26\t;42.39\t;989.02\t;1518000780
21.25\t;41.40\t;989.04\t;1518000810
21.26\t;41.90\t;989.04\t;1518000840
21.25\t;41.92\t;989.04\t;1518000870
21.28\t;41.42\t;988.98\t;1518000900
21.27\t;42.74\t;989.11\t;1518000930
21.25\t;42.32\t;989.08\t;1518000960
21.24\t;42.21\t;989.10\t;1518000990
21.28\t;41.71\t;989.09\t;1518001020
21.28\t;41.34\t;989.11\t;1518001050
21.27\t;40.57\t;989.05\t;1518001080
21.26\t;41.04\t;989.04\t;1518001110
21.26\t;40.66\t;989.10\t;1518001140
21.26\t;40.41\t;989.07\t;1518001170
21.27\t;41.46\t;989.08\t;1518001200
21.28\t;41.30\t;989.05\t;1518001230
21.28\t;41.35\t;989.05\t;1518001260
21.27\t;42.14\t;989.01\t;1518001290
21.26\t;42.86\t;989.03\t;1518001320
21.27\t;42.15\t;989.04\t;1518001350
21.28\t;41.99\t;989.08\t;1518001380
21.27\t;41.76\t;989.03\t;1518001410
21.29\t;42.75\t;989.13\t;1518001440
21.28\t;39.10\t;989.08\t;1518001470
21.29\t;41.66\t;989.04\t;1518001500
21.28\t;42.29\t;989.00\t;1518001530
21.29\t;41.18\t;989.05\t;1518001560
21.27\t;42.96\t;989.01\t;1518001590
21.27\t;41.19\t;989.01\t;1518001620
21.27\t;42.12\t;988.99\t;1518001650
21.28\t;40.98\t;989.04\t;1518001680
21.27\t;42.44\t;989.05\t;1518001710
21.28\t;41.76\t;989.04\t;1518001740
21.28\t;40.62\t;989.10\t;1518001770
21.27\t;42.51\t;989.09\t;1518001800
21.26\t;42.16\t;989.03\t;1518001830
21.26\t;41.67\t;989.04\t;1518001860
21.27\t;41.58\t;989.07\t;1518001890
21.26\t;40.84\t;989.08\t;1518001920
21.27\t;40.61\t;989.11\t;1518001950
21.25\t;41.62\t;988.97\t;1518001980
21.26\t;42.85\t;989.02\t;1518002010
21.27\t;42.94\t;989.08\t;1518002040
21.27\t;42.42\t;989.06\t;1518002070
21.27\t;41.76\t;989.06\t;1518002100
21.27\t;41.49\t;989.07\t;1518002130
21.27\t;42.17\t;989.01\t;1518002160
21.26\t;40.41\t;989.01\t;1518002190
21.26\t;40.62\t;989.04\t;1518002220
21.26\t;42.23\t;989.01\t;1518002250
21.26\t;39.87\t;989.00\t;1518002280
21.26\t;41.11\t;989.02\t;1518002310
21.25\t;43.55\t;989.00\t;1518002340
21.24\t;41.94\t;988.99\t;1518002370
21.24\t;42.09\t;989.02\t;1518002400
21.26\t;43.11\t;989.01\t;1518002430
21.25\t;39.94\t;989.03\t;1518002460
21.25\t;41.69\t;989.01\t;1518002490
21.24\t;42.08\t;988.90\t;1518002520
21.25\t;43.00\t;989.03\t;1518002550
21.25\t;42.10\t;989.01\t;1518002580
21.26\t;41.71\t;988.95\t;1518002610
21.25\t;42.27\t;989.04\t;1518002640
21.24\t;41.78\t;989.01\t;1518002670
21.27\t;41.38\t;988.92\t;1518002700
21.25\t;42.10\t;989.02\t;1518002730
21.24\t;40.38\t;989.05\t;1518002760
21.23\t;43.41\t;989.06\t;1518002790
21.23\t;43.11\t;989.01\t;1518002820
21.22\t;42.65\t;988.99\t;1518002850
21.23\t;41.06\t;989.02\t;1518002880
21.23\t;41.72\t;988.95\t;1518002910
21.24\t;42.18\t;988.92\t;1518002940
21.23\t;43.41\t;988.93\t;1518002970
21.23\t;44.01\t;988.99\t;1518003000
21.23\t;44.85\t;988.97\t;1518003030
21.21\t;42.61\t;988.94\t;1518003060
21.23\t;42.00\t;988.91\t;1518003090
21.22\t;43.20\t;988.98\t;1518003120
21.23\t;42.34\t;988.90\t;1518003150
21.22\t;41.77\t;988.89\t;1518003180
21.22\t;41.55\t;988.88\t;1518003210
21.22\t;41.09\t;988.90\t;1518003240
21.21\t;43.05\t;988.93\t;1518003270
21.2\t;41.36\t;988.90\t;1518003300
21.2\t;44.16\t;988.84\t;1518003330
21.21\t;42.05\t;988.89\t;1518003360
21.2\t;41.53\t;988.86\t;1518003390
21.19\t;42.43\t;988.86\t;1518003420
21.19\t;39.85\t;988.84\t;1518003450
21.2\t;41.97\t;988.80\t;1518003480
21.2\t;41.50\t;988.84\t;1518003510
21.2\t;41.71\t;988.81\t;1518003540
21.2\t;41.94\t;988.75\t;1518003570
21.2\t;43.04\t;988.85\t;1518003600
21.2\t;41.09\t;988.90\t;1518003630
21.19\t;41.95\t;988.85\t;1518003660
21.19\t;41.26\t;988.75\t;1518003690
21.19\t;42.27\t;988.81\t;1518003720
21.19\t;40.29\t;988.85\t;1518003750
21.18\t;42.95\t;988.88\t;1518003780
21.18\t;41.87\t;988.80\t;1518003810
21.17\t;41.00\t;988.85\t;1518003840
21.16\t;41.57\t;988.80\t;1518003870
21.17\t;42.08\t;988.87\t;1518003900
21.18\t;40.42\t;988.80\t;1518003930
21.17\t;41.03\t;988.80\t;1518003960
21.16\t;41.39\t;988.85\t;1518003990
21.17\t;42.80\t;988.96\t;1518004020
21.17\t;41.26\t;988.90\t;1518004050
21.17\t;41.81\t;988.75\t;1518004080
21.17\t;42.58\t;988.83\t;1518004110
21.17\t;42.40\t;988.88\t;1518004140
21.15\t;41.96\t;988.88\t;1518004170
21.17\t;41.74\t;988.81\t;1518004200
21.17\t;41.62\t;988.81\t;1518004230
21.15\t;41.74\t;988.87\t;1518004260
21.15\t;41.86\t;988.87\t;1518004290
21.15\t;41.12\t;988.74\t;1518004320
21.15\t;41.41\t;988.84\t;1518004350
21.14\t;41.67\t;988.85\t;1518004380
21.14\t;42.87\t;988.89\t;1518004410
21.13\t;41.14\t;988.84\t;1518004440
21.14\t;41.62\t;988.83\t;1518004470
21.14\t;42.52\t;988.85\t;1518004500
21.13\t;43.12\t;988.90\t;1518004530
21.14\t;42.24\t;988.90\t;1518004560
21.14\t;41.61\t;988.89\t;1518004590
21.14\t;41.54\t;988.88\t;1518004620
21.14\t;42.75\t;988.92\t;1518004650
21.13\t;41.12\t;988.91\t;1518004680
21.14\t;41.58\t;988.83\t;1518004710
21.14\t;42.93\t;988.90\t;1518004740
21.15\t;42.02\t;988.92\t;1518004770
21.14\t;42.07\t;988.87\t;1518004800
21.14\t;41.33\t;988.86\t;1518004830
21.14\t;41.94\t;988.91\t;1518004860
21.13\t;42.29\t;988.93\t;1518004890
21.12\t;42.51\t;988.86\t;1518004920
21.12\t;42.17\t;988.92\t;1518004950
21.13\t;42.74\t;988.89\t;1518004980
21.13\t;42.17\t;988.93\t;1518005010
21.12\t;41.76\t;988.86\t;1518005040
21.13\t;41.26\t;988.89\t;1518005070
21.12\t;41.67\t;988.97\t;1518005100
21.13\t;42.73\t;988.92\t;1518005130
21.11\t;42.51\t;991.02\t;1518005160
21.11\t;40.35\t;989.03\t;1518005190
21.12\t;41.63\t;988.91\t;1518005220
21.11\t;41.23\t;988.93\t;1518005250
21.12\t;42.90\t;988.91\t;1518005280
21.12\t;41.13\t;988.95\t;1518005310
21.12\t;41.92\t;988.87\t;1518005340
21.12\t;41.86\t;988.92\t;1518005370
21.11\t;41.71\t;988.96\t;1518005400
21.11\t;41.70\t;988.94\t;1518005430
21.12\t;41.05\t;988.96\t;1518005460
21.11\t;41.67\t;988.89\t;1518005490
21.11\t;42.16\t;988.94\t;1518005520
21.11\t;42.23\t;988.89\t;1518005550
21.1\t;41.89\t;988.87\t;1518005580
21.1\t;41.07\t;988.90\t;1518005610
21.11\t;40.74\t;988.97\t;1518005640
21.1\t;41.69\t;988.88\t;1518005670
21.11\t;41.70\t;988.87\t;1518005700
21.09\t;41.92\t;988.97\t;1518005730
21.11\t;41.62\t;988.89\t;1518005760
21.09\t;42.53\t;988.99\t;1518005790
21.11\t;42.10\t;988.89\t;1518005820
21.1\t;41.38\t;991.04\t;1518005850
21.1\t;41.74\t;988.88\t;1518005880
21.11\t;41.37\t;988.98\t;1518005910
21.09\t;41.24\t;988.93\t;1518005940
21.11\t;41.85\t;988.99\t;1518005970
21.1\t;41.40\t;988.98\t;1518006000
21.08\t;39.72\t;988.93\t;1518006030
21.08\t;41.59\t;988.86\t;1518006060
21.08\t;40.73\t;988.87\t;1518006090
21.09\t;41.08\t;988.92\t;1518006120
21.09\t;42.16\t;988.96\t;1518006150
21.09\t;43.00\t;988.88\t;1518006180
21.08\t;41.68\t;988.96\t;1518006210
21.08\t;41.80\t;988.92\t;1518006240
21.09\t;41.05\t;988.92\t;1518006270
21.08\t;41.60\t;988.85\t;1518006300
21.07\t;41.95\t;988.85\t;1518006330
21.07\t;41.69\t;988.93\t;1518006360
21.08\t;41.52\t;988.91\t;1518006390
21.07\t;41.69\t;988.90\t;1518006420
21.06\t;41.67\t;988.87\t;1518006450
21.08\t;42.39\t;988.87\t;1518006480
21.08\t;41.37\t;988.88\t;1518006510
21.08\t;41.47\t;988.88\t;1518006540
21.08\t;41.12\t;988.91\t;1518006570
21.07\t;42.16\t;988.87\t;1518006600
21.07\t;40.97\t;988.88\t;1518006630
21.07\t;41.44\t;988.89\t;1518006660
21.09\t;41.96\t;988.88\t;1518006690
21.08\t;39.87\t;988.86\t;1518006720
21.08\t;42.96\t;988.87\t;1518006750
21.08\t;41.96\t;988.85\t;1518006780
21.07\t;41.55\t;988.87\t;1518006810
21.07\t;43.24\t;988.83\t;1518006840
21.07\t;41.02\t;988.82\t;1518006870
21.06\t;41.54\t;988.83\t;1518006900
21.07\t;41.79\t;988.76\t;1518006930
21.06\t;42.11\t;988.83\t;1518006960
21.06\t;41.62\t;988.81\t;1518006990
21.07\t;41.50\t;988.83\t;1518007020
21.06\t;41.55\t;988.83\t;1518007050
21.05\t;41.43\t;988.76\t;1518007080
21.05\t;42.02\t;988.76\t;1518007110
21.06\t;41.87\t;988.84\t;1518007140
21.06\t;40.65\t;988.77\t;1518007170
21.07\t;41.92\t;988.86\t;1518007200
21.05\t;41.69\t;988.79\t;1518007230
21.07\t;41.53\t;988.76\t;1518007260
21.06\t;41.23\t;988.84\t;1518007290
21.05\t;40.59\t;988.76\t;1518007320
21.06\t;41.99\t;988.77\t;1518007350
21.05\t;42.20\t;988.76\t;1518007380
21.05\t;42.62\t;988.78\t;1518007410
21.06\t;41.66\t;988.82\t;1518007440
21.05\t;42.18\t;988.84\t;1518007470
21.05\t;41.50\t;988.89\t;1518007500
21.06\t;41.61\t;988.78\t;1518007530
21.07\t;41.65\t;988.84\t;1518007560
21.07\t;41.33\t;988.87\t;1518007590
21.07\t;41.69\t;988.88\t;1518007620
21.06\t;41.58\t;988.90\t;1518007650
21.06\t;41.97\t;988.86\t;1518007680
21.08\t;39.62\t;988.87\t;1518007710
21.06\t;41.20\t;988.93\t;1518007740
21.07\t;41.44\t;988.93\t;1518007770
21.06\t;39.34\t;988.87\t;1518007800
21.06\t;43.22\t;988.84\t;1518007830
21.05\t;43.57\t;988.94\t;1518007860
21.06\t;41.55\t;988.93\t;1518007890
21.08\t;41.54\t;988.88\t;1518007920
21.06\t;41.54\t;988.93\t;1518007950
21.06\t;40.41\t;988.91\t;1518007980
21.06\t;41.37\t;988.93\t;1518008010
21.06\t;41.50\t;988.90\t;1518008040
21.05\t;42.17\t;988.87\t;1518008070
21.05\t;41.52\t;988.88\t;1518008100
21.06\t;42.50\t;988.97\t;1518008130
21.06\t;42.19\t;988.94\t;1518008160
21.05\t;42.42\t;988.89\t;1518008190
21.06\t;41.90\t;988.94\t;1518008220
21.07\t;41.39\t;988.84\t;1518008250
21.05\t;41.74\t;988.92\t;1518008280
21.06\t;40.08\t;988.94\t;1518008310
21.05\t;40.33\t;988.83\t;1518008340
21.05\t;41.51\t;988.87\t;1518008370
21.04\t;41.43\t;988.90\t;1518008400
21.05\t;42.20\t;988.84\t;1518008430
21.06\t;41.25\t;988.81\t;1518008460
21.04\t;41.48\t;988.87\t;1518008490
21.05\t;41.80\t;988.84\t;1518008520
21.05\t;40.93\t;988.88\t;1518008550
21.05\t;41.43\t;988.90\t;1518008580
21.05\t;42.63\t;988.90\t;1518008610
21.05\t;40.69\t;988.85\t;1518008640
21.03\t;40.75\t;988.95\t;1518008670
21.04\t;41.83\t;988.85\t;1518008700
21.05\t;41.82\t;988.93\t;1518008730
21.04\t;41.13\t;988.85\t;1518008760
21.05\t;39.86\t;988.93\t;1518008790
21.05\t;40.95\t;988.93\t;1518008820
21.04\t;41.18\t;988.85\t;1518008850
21.05\t;41.45\t;988.92\t;1518008880
21.04\t;42.10\t;988.83\t;1518008910
21.04\t;40.96\t;988.86\t;1518008940
21.03\t;40.97\t;988.89\t;1518008970
21.03\t;43.11\t;988.90\t;1518009000
21.02\t;39.95\t;988.90\t;1518009030
21.03\t;43.17\t;988.93\t;1518009060
21.03\t;41.39\t;988.90\t;1518009090
21.02\t;42.13\t;988.91\t;1518009120
21.03\t;41.49\t;988.88\t;1518009150
21.02\t;41.54\t;988.86\t;1518009180
21.02\t;41.14\t;988.88\t;1518009210
21.03\t;41.47\t;988.89\t;1518009240
21.02\t;41.02\t;988.93\t;1518009270
21.02\t;41.05\t;988.89\t;1518009300
21.03\t;41.07\t;988.92\t;1518009330
21.02\t;39.76\t;988.87\t;1518009360
21.01\t;41.53\t;988.90\t;1518009390
21.02\t;41.32\t;988.87\t;1518009420
21.04\t;41.76\t;988.91\t;1518009450
21.03\t;41.89\t;988.92\t;1518009480
21.03\t;41.23\t;988.88\t;1518009510
21.03\t;41.85\t;988.90\t;1518009540
21.03\t;41.69\t;988.86\t;1518009570
21.02\t;41.18\t;988.93\t;1518009600
21.03\t;42.36\t;988.92\t;1518009630
21.01\t;40.08\t;988.92\t;1518009660
21.02\t;41.50\t;988.86\t;1518009690
21.01\t;40.89\t;988.81\t;1518009720
